id,name
0,이서은
1,이기준
2,방연윤
3,김영민
4,신성윤
5,박재우
6,박지주
7,김희성
8,김예원
9,이벙석
10,김혜아
11,박인현
12,임보예
13,이인피
14,강유나
15,황사준
16,강연연
17,신거군
18,신보나
19,박연윤
20,이주연
21,손준민
22,류지경
23,김광한
24,유유나
25,최태후
26,김승연
27,한동열
28,황유은
29,송병후
30,최민련
31,오병영
32,최저인
33,최승원
34,이다진
35,강인운
36,박승은
37,오동준
38,유소현
39,고준석
40,박주은
41,장태의
42,박혜연
43,허창석
44,최연윤
45,황겅훈
46,박윤나
47,최종원
48,김하연
49,권현수
50,배소진
51,홍우몬
52,조지운
53,안준진
54,이세연
55,정저요
56,최수은
57,정상선
58,황미현
59,정준유
60,옥소연
61,이유숙
62,최지서
63,신성호
64,박주연
65,오현운
66,박현윤
67,황평주
68,박혜나
69,김성운
70,최세희
71,함성진
72,안도민
73,문종태
74,김예원
75,조가천
76,김유원
77,서종희
78,김자현
79,주동근
80,천시솔
81,진균찬
82,정현원
83,여민우
84,박지영
85,서전성
86,허예희
87,이두빈
88,신효인
89,남긍현
90,정윤은
91,장동완
92,김도연
93,허성환
94,서규서
95,이재윤
96,송유은
97,이형원
98,최의영
99,최성재
100,정수연
101,박재우
102,조지우
103,윤준숭
104,이하연
105,김주성
106,이하진
107,이영현
108,이수연
109,연조지
110,원수진
111,천찬도
112,홍주채
113,오현세
114,안미희
115,김형우
116,최은진
117,권종훈
118,박연원
119,오벙진
120,박도주
121,이상현
122,임혀민
123,안승영
124,박주은
125,김근현
126,장소진
127,이민혁
128,권은저
129,김벙진
130,최시빈
131,심병환
132,홍소원
133,전호연
134,강유나
135,한민능
136,지채주
137,이우준
138,박소린
139,조덩한
140,손지은
141,김순원
142,김서빈
143,윤호형
144,민유연
145,신승송
146,유혜지
147,김성연
148,이예수
149,주준숙
150,최시연
151,김성안
152,윤지은
153,박형홍
154,강이리
155,이견우
156,손서재
157,이형운
158,최의민
159,박형현
160,김지윤
161,박주학
162,김연지
163,심동원
164,이소서
165,강병수
166,김다진
167,장용원
168,고세진
169,이찬영
170,김희소
171,최승근
172,최채인
173,하긴연
174,정보혜
175,이형번
176,천지은
177,김제성
178,한다연
179,류승민
180,장보윤
181,황긍헌
182,유저은
183,정동태
184,허하저
185,윤규준
186,조유영
187,오동린
188,김유서
189,김재진
190,남서진
191,유긍호
192,양현은
193,한한현
194,김수민
195,문산항
196,이가재
197,박동주
198,하시현
199,정성동
200,허예연
201,최정한
202,최예원
203,윤원주
204,서혜민
205,이이군
206,박보하
207,고재호
208,김서빈
209,문민준
210,임현희
211,전유균
212,한민서
213,전정희
214,김유은
215,김재연
216,조채현
217,김진석
218,이나현
219,심재범
220,이윤인
221,김용진
222,김미은
223,박종권
224,이수형
225,이현원
226,김서영
227,주중연
228,성지린
229,박태후
230,박세서
231,김민수
232,원채은
233,조민인
234,최주경
235,이동운
236,박시린
237,이인벅
238,김예예
239,강승현
240,류예은
241,추상한
242,박이연
243,김재원
244,김아민
245,임경영
246,이은은
247,김긴우
248,양서서
249,류정준
250,선미주
251,최도훈
252,신지현
253,이준석
254,추현은
255,박영진
256,송소하
257,양성세
258,이세지
259,정승영
260,안도은
261,홍재주
262,전연린
263,최민현
264,김해서
265,허규우
266,조보영
267,조성운
268,곽민흔
269,고명면
270,이예희
271,박상상
272,이혜연
273,서선민
274,김유린
275,박인빈
276,김지영
277,정희준
278,오혜주
279,신재성
280,이유은
281,김재석
282,이수민
283,이정환
284,김의진
285,김형민
286,김은빈
287,강성연
288,김예진
289,이지준
290,전유원
291,김현유
292,강서현
293,한승주
294,유지지
295,오겅욱
296,최예진
297,조종흔
298,최유예
299,김영환
300,남희영
301,윤찬민
302,신연빈
303,고영호
304,김현저
305,강홍미
306,남희린
307,최현두
308,위지윤
309,노민민
310,이현연
311,김원면
312,이서하
313,김창찬
314,김채다
315,박재찬
316,정서저
317,육종희
318,조미연
319,유필태
320,김다은
321,강주현
322,안다빈
323,김병동
324,류혜은
325,이현도
326,이희윤
327,이민영
328,조유린
329,김정욱
330,노하안
331,이순휘
332,손서현
333,이찬민
334,김가민
335,김승혁
336,정사호
337,강지견
338,김연빈
339,이우운
340,지유린
341,이경찬
342,최예소
343,김지원
344,김예민
345,장강후
346,신민나
347,김윤진
348,황주저
349,한제호
350,오현경
351,김세규
352,이태솔
353,김운준
354,정나원
355,이견화
356,정예연
357,주진운
358,김민진
359,이균산
360,박은희
361,오상빈
362,문민빈
363,신영영
364,모해민
365,이승수
366,박유빈
367,서조운
368,이여연
369,강민재
370,한하민
371,엄찬헉
372,한유아
373,강형순
374,김현지
375,손상군
376,신하주
377,김예연
378,김가희
379,박지현
380,안희예
381,고준번
382,임해안
383,정예현
384,송은빈
385,이창인
386,박현진
387,조용헌
388,윤세서
389,김주료
390,구유연
391,임유조
392,임지원
393,박현윤
394,이미서
395,차면진
396,이수소
397,김조균
398,구주서
399,박견규
400,김가향
401,김대삭
402,정예연
403,강성규
404,엄예진
405,허항선
406,방유주
407,이운우
408,정서주
409,김형진
410,유민은
411,하상하
412,홍지린
413,최이석
414,조희진
415,신수민
416,이수진
417,문종기
418,박수원
419,홍순근
420,한성인
421,신진영
422,양하진
423,김상우
424,이예윤
425,진진호
426,박시서
427,정춘선
428,김소정
429,황지준
430,민유안
431,박동환
432,강채진
433,최승준
434,김나영
435,장민주
436,전주은
437,김봉찬
438,오예현
439,황정권
440,황소연
441,김재호
442,김혜수
443,최정준
444,송지지
445,정형원
446,이보희
447,권창균
448,강주연
449,양전훈
450,이다연
451,박정운
452,김해혜
453,이준희
454,황희원
455,정잔훈
456,류다연
457,박굥수
458,안초원
459,최몽인
460,오지연
461,박동조
462,김지성
463,박윤준
464,허현경
465,엄잔역
466,김미연
467,이상연
468,최은진
469,임횽신
470,정보지
471,장민재
472,이주연
473,김요근
474,이유라
475,윤태석
476,이주현
477,정희규
478,박하서
479,정송준
480,김은련
481,권주연
482,오주빈
483,조재우
484,장도연
485,유하환
486,이은진
487,임횽원
488,이현영
489,김원원
490,윤현연
491,윤성운
492,김지수
493,정면주
494,김서시
495,김전근
496,이수서
497,이윤우
498,이서경
499,현상현
500,김수연
501,강홍환
502,이소지
503,김동진
504,임혜서
505,박지주
506,이지서
507,최한만
508,박유전
509,정운현
510,김초서
511,정성섭
512,김태연
513,이승천
514,배이영
515,김준덕
516,박지이
517,최성성
518,김혜연
519,이진현
520,신지은
521,신주훈
522,윤연민
523,신찬도
524,최서민
525,황주현
526,이지인
527,안성운
528,김혜늘
529,전세숭
530,김보현
531,이재태
532,김주영
533,김종운
534,성가인
535,임찬문
536,유예현
537,황수석
538,권서진
539,신재조
540,엄혜진
541,이재후
542,이유아
543,김인운
544,조가연
545,서인민
546,정지현
547,최원혁
548,이주원
549,김새석
550,한소주
551,배동후
552,이성진
553,윤병찬
554,정예인
555,이현현
556,한벼주
557,양완연
558,박도저
559,황경준
560,최지나
561,박태환
562,이지경
563,이민현
564,강윤현
565,김현훈
566,최예연
567,곽현성
568,채태영
569,박종신
570,권지경
571,유주수
572,이지지
573,서승우
574,권유연
575,홍원빈
576,박유원
577,손대우
578,최소현
579,박형빈
580,최유은
581,신면용
582,김아은
583,성경긴
584,윤다아
585,이진준
586,박예진
587,김견원
588,이소원
589,박조현
590,김지진
591,김영제
592,이다아
593,노시원
594,윤유지
595,김상민
596,김나화
597,박형진
598,김다현
599,김슨는
600,이유주
601,한운민
602,박은민
603,조세주
604,유어윤
605,장당호
606,남지현
607,한봉규
608,김주소
609,안연희
610,주주연
611,변연민
612,김나빈
613,정승준
614,홍도윤
615,조천석
616,정서연
617,이성운
618,한수련
619,김형도
620,진서예
621,심태민
622,김서희
623,전지호
624,윤서미
625,김승경
626,한지주
627,박규영
628,김보윤
629,윤전견
630,이유현
631,장주헉
632,전미라
633,한인성
634,황민린
635,천석현
636,강서연
637,이운민
638,김서진
639,민원호
640,권서진
641,천성간
642,현은민
643,신홍운
644,안효민
645,황면교
646,홍채진
647,김도상
648,심지진
649,김진태
650,조지다
651,박형견
652,박지진
653,김민현
654,강다연
655,소진견
656,윤응정
657,송정준
658,이지미
659,최구현
660,김세연
661,문성요
662,손푸현
663,심도완
664,강다연
665,김운호
666,김현진
667,홍보혁
668,윤예은
669,박현진
670,손소연
671,장잔우
672,고채린
673,이당규
674,김규나
675,임형주
676,이재은
677,윤민조
678,신은선
679,유주민
680,장유라
681,오찬규
682,박서연
683,황현혁
684,문서진
685,이정석
686,김주연
687,최경용
688,김지혜
689,유동호
690,유다린
691,김동근
692,민유연
693,황진운
694,김현빈
695,이청요
696,오현경
697,임민견
698,최지은
699,차유현
700,이애호
701,오동연
702,김보수
703,신성숭
704,한승인
705,이춘수
706,엄은은
707,변윤현
708,윤은진
709,김세준
710,유아현
711,문송훈
712,박미연
713,박여웅
714,정민아
715,황호민
716,이지윤
717,박대준
718,장유혜
719,유주운
720,박다린
721,박연준
722,맹수희
723,천민준
724,신아주
725,김태준
726,이고진
727,고윤용
728,김서서
729,배주주
730,권유재
731,박강환
732,김유지
733,마지희
734,김세현
735,김성형
736,이윤연
737,박견련
738,권현은
739,방라긴
740,변응은
741,김경빈
742,김유진
743,김이주
744,김소빈
745,조인엉
746,박지원
747,문상식
748,이윤서
749,진세현
750,김현현
751,김용후
752,정서민
753,이현현
754,한저주
755,임재수
756,김소지
757,양민현
758,박예은
759,양태역
760,조수현
761,이태승
762,임채연
763,고민현
764,박정서
765,함상수
766,배애연
767,강상운
768,최혜채
769,이기겅
770,곽지연
771,권현현
772,최수현
773,손유운
774,김은현
775,정전주
776,윤다민
777,장현우
778,김나주
779,서지호
780,최유은
781,고현현
782,이근주
783,유지타
784,채혜윤
785,김연진
786,김푸은
787,최지준
788,장채영
789,신창준
790,강유흔
791,김영거
792,김태은
793,김도원
794,이지민
795,김용완
796,정승윤
797,송재모
798,김보연
799,이종식
800,유혜린
801,고성수
802,이예빈
803,이영현
804,박소시
805,서형석
806,정다현
807,최성효
808,양도지
809,김운빈
810,서소은
811,장수석
812,한서안
813,김민민
814,김하나
815,이긴주
816,박지연
817,윤세준
818,신다주
819,이준규
820,옥예연
821,이성균
822,전태연
823,김휘우
824,김서하
825,김이영
826,강지연
827,강호형
828,이예경
829,정도호
830,이시시
831,이병원
832,김채민
833,박홍원
834,정지주
835,이영석
836,전지민
837,전운인
838,박윤연
839,이몽우
840,안도연
841,이성영
842,김주재
843,이동태
844,성소경
845,조재찬
846,김지련
847,김인연
848,이조저
849,송준현
850,전지은
851,윤재환
852,서민도
853,이현긴
854,이민빈
855,신도호
856,신가인
857,송준후
858,양윤주
859,조준간
860,양서진
861,최중덩
862,김서영
863,김주류
864,정주윤
865,박연원
866,이보애
867,박광완
868,이서진
869,이용진
870,박수하
871,신종준
872,정세진
873,이주재
874,김가린
875,이재운
876,고가인
877,김주환
878,서수우
879,주성석
880,김태연
881,김준원
882,유지영
883,김형민
884,이세나
885,박민용
886,황지은
887,최벙현
888,지수기
889,정주순
890,박희진
891,이정우
892,서다린
893,오요현
894,김예원
895,백재훈
896,김서민
897,이윤석
898,박예은
899,손창원
900,김지윤
901,김민지
902,김현윤
903,이용윤
904,김아서
905,정진준
906,박서주
907,양희빈
908,변모호
909,우간진
910,박현윤
911,김대재
912,김주은
913,김겅현
914,김예진
915,민준성
916,김연양
917,배영형
918,강시주
919,신규항
920,전수연
921,권요준
922,이초민
923,박주영
924,김수현
925,백운혼
926,이아경
927,신태혁
928,채승빈
929,김태태
930,장다진
931,이동진
932,정유린
933,장용준
934,정유연
935,김현성
936,이다연
937,서종섭
938,김서서
939,주숭환
940,신주연
941,도성현
942,김가진
943,신도덕
944,이예윤
945,박견성
946,박다연
947,한미준
948,유다현
949,손현석
950,이소경
951,유승수
952,김태서
953,권용태
954,서은소
955,신상현
956,김현애
957,허시현
958,이민주
959,이형진
960,정서진
961,옥성규
962,최지저
963,김현규
964,정민원
965,이응재
966,이지연
967,김승성
968,김수린
969,최한인
970,김유지
971,김홍원
972,장서연
973,박용민
974,곽지서
975,김주문
976,이주지
977,이진운
978,문초연
979,김강호
980,오희원
981,허승한
982,홍연은
983,박상호
984,현하리
985,김민산
986,최은지
987,한원양
988,이은경
989,최식준
990,박예운
991,강형운
992,김도민
993,정항운
994,안이영
995,이의호
996,은윤연
997,백경섭
998,정수윤
999,정영횽
1000,박혜연
1001,옥동찬
1002,박서연
1003,엄전진
1004,윤유현
1005,안현피
1006,김수아
1007,황승후
1008,이시현
1009,정현운
1010,권혜빈
1011,이덩번
1012,신유희
1013,전동현
1014,박연민
1015,김유탁
1016,나보연
1017,이상원
1018,김승민
1019,김윤현
1020,홍지민
1021,권형루
1022,김수은
1023,문혁희
1024,김저연
1025,이한현
1026,김다현
1027,최태식
1028,김태저
1029,박형호
1030,김서연
1031,이재형
1032,정은지
1033,이찬천
1034,김유서
1035,박성간
1036,이가영
1037,손우준
1038,최혜연
1039,김재현
1040,한수진
1041,김병현
1042,문유윤
1043,김산재
1044,장지현
1045,김준진
1046,박혜혜
1047,이재재
1048,홍유연
1049,김민영
1050,박윤현
1051,김태후
1052,강저희
1053,이경재
1054,장서경
1055,이재두
1056,김다원
1057,강민성
1058,고청서
1059,윤영근
1060,정지현
1061,정예연
1062,강지연
1063,안규원
1064,오채린
1065,김광현
1066,박세진
1067,조용연
1068,양세현
1069,조낭긴
1070,조가연
1071,김원호
1072,이지준
1073,오문근
1074,이지린
1075,정지원
1076,조다주
1077,김민태
1078,이효연
1079,송원운
1080,황수선
1081,박영유
1082,신주현
1083,박민호
1084,장해진
1085,정성현
1086,권승서
1087,홍승후
1088,이윤안
1089,최규민
1090,양승인
1091,채정용
1092,김태은
1093,박창형
1094,박재원
1095,윤성긴
1096,송예린
1097,우정재
1098,이유진
1099,김중삭
1100,남서희
1101,변용준
1102,김서원
1103,최원환
1104,최유연
1105,유준규
1106,박예진
1107,조수희
1108,김재운
1109,김주이
1110,임시민
1111,정경인
1112,이연은
1113,정호몬
1114,김하연
1115,박민채
1116,정세혜
1117,조상근
1118,이효경
1119,이주빈
1120,장유인
1121,원저훈
1122,이유진
1123,윤민현
1124,구시현
1125,박봉연
1126,김미현
1127,성연피
1128,임윤저
1129,이대유
1130,배예은
1131,박성성
1132,김가경
1133,오성석
1134,양다하
1135,김신영
1136,추예채
1137,정주호
1138,박아지
1139,최영주
1140,조다경
1141,최창긴
1142,김지민
1143,홍성산
1144,성서연
1145,신태군
1146,이예안
1147,서재휘
1148,선혜린
1149,이상호
1150,권재안
1151,김규호
1152,손이현
1153,정민윤
1154,김미진
1155,송정원
1156,박가원
1157,조현운
1158,김세민
1159,양승민
1160,이소민
1161,김진석
1162,김지진
1163,박수헌
1164,박지현
1165,김재구
1166,박서진
1167,김항진
1168,임근련
1169,김동규
1170,손민민
1171,진요덩
1172,유재빈
1173,차운민
1174,오세빈
1175,심민찬
1176,최미경
1177,최경현
1178,김수안
1179,전영역
1180,나재린
1181,박정식
1182,김다현
1183,이면진
1184,주은리
1185,정시혁
1186,최서수
1187,손승수
1188,유서빈
1189,최몽훈
1190,김현경
1191,김승준
1192,이예연
1193,김주현
1194,이성경
1195,이동현
1196,김하리
1197,김지주
1198,주지윤
1199,손정희
1200,한도진
1201,홍진훈
1202,이나경
1203,이도준
1204,노은영
1205,김종운
1206,조지진
1207,한진수
1208,원유아
1209,김문석
1210,이소민
1211,반성호
1212,김규은
1213,문긴우
1214,박유연
1215,윤상우
1216,박다영
1217,박운순
1218,안도서
1219,양종준
1220,윤나연
1221,이지호
1222,이지지
1223,정겅석
1224,최서연
1225,김지성
1226,최나진
1227,박진필
1228,전민은
1229,김찬민
1230,조모은
1231,박원홍
1232,정유영
1233,위민영
1234,김시령
1235,조창원
1236,김저원
1237,주하민
1238,최겨지
1239,김주영
1240,이혜연
1241,정규현
1242,박수은
1243,김진준
1244,서유경
1245,이견준
1246,최연은
1247,정민재
1248,이나채
1249,김성훈
1250,문지하
1251,나동현
1252,김서인
1253,김현원
1254,김혜현
1255,박형현
1256,마민빈
1257,도주후
1258,이다현
1259,송정환
1260,성주원
1261,고응몬
1262,이채현
1263,박문걱
1264,김서재
1265,안민준
1266,권기서
1267,김민훈
1268,김채연
1269,박현현
1270,임예진
1271,윤정민
1272,김연나
1273,박상운
1274,강민원
1275,서민민
1276,양승이
1277,문용준
1278,장시저
1279,안태규
1280,지새진
1281,윤병권
1282,길성윤
1283,홍현우
1284,이수인
1285,도진호
1286,최나신
1287,장주훈
1288,이채현
1289,연호규
1290,김서지
1291,이치호
1292,고현린
1293,강효우
1294,김시연
1295,변차번
1296,이보라
1297,송준연
1298,이혜원
1299,전성순
1300,정희아
1301,최민찬
1302,이채연
1303,김대운
1304,권규저
1305,전성훈
1306,박혜빈
1307,문승빈
1308,조연지
1309,김민숙
1310,장소서
1311,김용우
1312,석나빈
1313,김태휘
1314,조가희
1315,이환선
1316,김채현
1317,오도준
1318,원태린
1319,구수진
1320,양현희
1321,조형현
1322,박소민
1323,이종현
1324,김현윤
1325,오준우
1326,최도원
1327,황상호
1328,김승희
1329,정재현
1330,김벼주
1331,성석현
1332,최혜비
1333,이남규
1334,이희연
1335,진경규
1336,김미진
1337,김주현
1338,길지린
1339,김상순
1340,최예빈
1341,이지운
1342,장채은
1343,유성번
1344,김주진
1345,황정환
1346,엄하원
1347,이종인
1348,김유라
1349,박형혁
1350,송미현
1351,김민연
1352,이미연
1353,김전성
1354,이도주
1355,이용찬
1356,송지원
1357,유지찬
1358,강보현
1359,신윤석
1360,강승연
1361,김규운
1362,서주늘
1363,정료우
1364,오세원
1365,이희연
1366,장소민
1367,유윤비
1368,장예운
1369,방횽현
1370,강서은
1371,조봉운
1372,오주은
1373,오민한
1374,장윤수
1375,옥혁희
1376,변이희
1377,전혜조
1378,천하영
1379,김당수
1380,남주은
1381,이영은
1382,박다재
1383,곽형준
1384,손채연
1385,김현재
1386,김소연
1387,이양호
1388,장주솔
1389,양민찬
1390,서다은
1391,천윤희
1392,김지은
1393,이동석
1394,이근서
1395,김홍민
1396,손민서
1397,박경순
1398,최주혜
1399,이태규
1400,김하주
1401,송대삭
1402,이사운
1403,김견환
1404,김윤리
1405,차전준
1406,김미현
1407,박벙라
1408,김현민
1409,윤동성
1410,김민아
1411,안재혁
1412,김혜연
1413,차희번
1414,유소경
1415,조정혹
1416,김다혜
1417,박호택
1418,안은민
1419,김주훈
1420,김무희
1421,김영호
1422,허소지
1423,박제호
1424,조수현
1425,방명운
1426,황수하
1427,손영당
1428,안지진
1429,권병빈
1430,김도경
1431,김준찬
1432,정지린
1433,서기현
1434,인민연
1435,이경은
1436,나혜원
1437,김용운
1438,이유민
1439,방용준
1440,정차솔
1441,임해규
1442,김유아
1443,김인재
1444,박현진
1445,이공우
1446,이현저
1447,고왕군
1448,이시서
1449,장성준
1450,장지빈
1451,김원혁
1452,변지은
1453,권동유
1454,우소윤
1455,이운현
1456,채승경
1457,이성차
1458,박은린
1459,양상준
1460,박서원
1461,최민태
1462,박도은
1463,안진창
1464,김시희
1465,서성윤
1466,박주정
1467,최민석
1468,최수진
1469,서재진
1470,함유연
1471,이용성
1472,백현민
1473,박문환
1474,김초혜
1475,손정환
1476,한유영
1477,이수준
1478,임수경
1479,유재긴
1480,안저희
1481,고재구
1482,이세연
1483,김성형
1484,임주언
1485,김수문
1486,박지지
1487,김성이
1488,안보연
1489,권형성
1490,지윤현
1491,김현성
1492,이수지
1493,신운현
1494,김태빈
1495,최승헌
1496,이가연
1497,성겅영
1498,김지영
1499,김정운
1500,조예주
1501,서훈준
1502,황주민
1503,강청현
1504,이원서
1505,최수성
1506,민서연
1507,나성군
1508,심다진
1509,서해민
1510,박지현
1511,이재긴
1512,장다지
1513,이춘현
1514,심민현
1515,이지승
1516,최재은
1517,곽상찬
1518,강민진
1519,김영운
1520,함시린
1521,권시번
1522,이다련
1523,양진연
1524,고효안
1525,오동진
1526,최수빈
1527,성태훈
1528,민규연
1529,배동희
1530,이재연
1531,문민원
1532,여서아
1533,강지승
1534,이연은
1535,이동훈
1536,최주주
1537,강회현
1538,김승진
1539,김상신
1540,김가은
1541,정승오
1542,김유연
1543,강경규
1544,진혜저
1545,권재긴
1546,안슨빈
1547,황주긍
1548,최은연
1549,강우성
1550,길도현
1551,김상현
1552,이재윤
1553,박동모
1554,안태원
1555,김언환
1556,김채현
1557,이성운
1558,손주서
1559,윤성형
1560,엄규늘
1561,이찬응
1562,최수연
1563,장준연
1564,유호진
1565,이재화
1566,한가인
1567,강종훈
1568,김주나
1569,유주린
1570,김성희
1571,이주성
1572,정지현
1573,조창률
1574,이슨리
1575,길현희
1576,박성진
1577,김종운
1578,고세미
1579,안면한
1580,정가진
1581,주겅재
1582,조가주
1583,이재운
1584,백소연
1585,정지조
1586,신서윤
1587,우간원
1588,강현연
1589,한지석
1590,장지희
1591,심승현
1592,김가은
1593,박우재
1594,조윤지
1595,권도서
1596,진하안
1597,최성우
1598,김혜서
1599,강현승
1600,김수인
1601,임운인
1602,이지현
1603,이종운
1604,김지지
1605,최미준
1606,서소주
1607,김유혼
1608,김저린
1609,김성관
1610,이수현
1611,이지석
1612,김혜민
1613,김태준
1614,김수수
1615,선도진
1616,전유연
1617,김현훈
1618,권혜나
1619,이재천
1620,오민성
1621,박승재
1622,박수연
1623,박민희
1624,고예진
1625,박민현
1626,김은희
1627,이지승
1628,김채빈
1629,윤성미
1630,김민민
1631,정요준
1632,윤현연
1633,한전성
1634,하채진
1635,정현진
1636,구나현
1637,조홍호
1638,강가은
1639,박훈간
1640,여은아
1641,백대설
1642,김서저
1643,김진민
1644,김연현
1645,신조모
1646,이예린
1647,배천석
1648,변가준
1649,이관지
1650,김소연
1651,신관우
1652,최아혜
1653,김상태
1654,양채우
1655,윤상성
1656,조수민
1657,김산훈
1658,노주연
1659,이연규
1660,김예영
1661,김우혼
1662,박지은
1663,김준우
1664,우지나
1665,문후훈
1666,허혜원
1667,김운숙
1668,최세예
1669,김재민
1670,이서현
1671,김산환
1672,유수아
1673,신병석
1674,김하서
1675,김병원
1676,김세연
1677,김재수
1678,오주은
1679,조세하
1680,김하희
1681,백완현
1682,주초민
1683,조원운
1684,김승현
1685,이주현
1686,김다경
1687,박승조
1688,김다채
1689,전희성
1690,이성연
1691,정종헌
1692,민세은
1693,김권준
1694,심연민
1695,구준훈
1696,진가지
1697,신승우
1698,신은예
1699,최윤수
1700,박도진
1701,조재석
1702,임저빈
1703,김동우
1704,김하라
1705,김진헉
1706,최유원
1707,최태민
1708,김보진
1709,구주호
1710,문다은
1711,이재재
1712,김민연
1713,한태웅
1714,김세연
1715,전혜재
1716,강희현
1717,심태로
1718,김하은
1719,배경연
1720,김현원
1721,정현호
1722,유소연
1723,이종희
1724,이주란
1725,박연현
1726,박민인
1727,임균원
1728,송민주
1729,성형시
1730,이슨린
1731,최지재
1732,김유채
1733,노정관
1734,박예저
1735,남창민
1736,서초민
1737,임성진
1738,이우원
1739,박민민
1740,서수진
1741,송형성
1742,김고인
1743,김강호
1744,박연현
1745,김진희
1746,이소연
1747,윤중근
1748,임주현
1749,문재현
1750,김시윤
1751,유성용
1752,이지연
1753,김재민
1754,윤민원
1755,채상운
1756,정서원
1757,안성현
1758,박민전
1759,민경규
1760,김유재
1761,김재거
1762,김소현
1763,신동석
1764,김연지
1765,이지민
1766,김소원
1767,김유석
1768,정혜은
1769,최진우
1770,배지저
1771,김형재
1772,김민연
1773,김면청
1774,강서빈
1775,최동현
1776,백시주
1777,황동성
1778,최모연
1779,김광한
1780,이예수
1781,오예환
1782,임예솔
1783,이민재
1784,김혜연
1785,오상성
1786,박혜빈
1787,김형현
1788,안안나
1789,유동호
1790,박나우
1791,권옹환
1792,김민현
1793,김관준
1794,백지예
1795,최슨준
1796,안가현
1797,권송석
1798,최희경
1799,최요훈
1800,최민지
1801,김찬윤
1802,권은경
1803,황전희
1804,권시지
1805,박창호
1806,임지경
1807,김성규
1808,김지연
1809,김현후
1810,김민지
1811,나승운
1812,허새인
1813,조준범
1814,임예희
1815,박희현
1816,이예연
1817,이윤현
1818,김서안
1819,김겅연
1820,윤서연
1821,이당인
1822,오세윤
1823,남윤청
1824,김서경
1825,기상준
1826,이슨저
1827,김정민
1828,송채은
1829,백태균
1830,이수경
1831,조청주
1832,김근윤
1833,조진석
1834,김민연
1835,김정현
1836,이서주
1837,김현석
1838,김서현
1839,강주민
1840,배나견
1841,김한주
1842,이지진
1843,김형군
1844,장다희
1845,이요현
1846,정미빈
1847,변성호
1848,이유진
1849,서춘근
1850,송소은
1851,이원준
1852,고희연
1853,정강균
1854,임다현
1855,오기령
1856,송자우
1857,전병빈
1858,최서하
1859,하승석
1860,박연양
1861,박원웅
1862,전지연
1863,김동성
1864,최채안
1865,김정소
1866,이민원
1867,조민은
1868,이유희
1869,임지환
1870,노가인
1871,윤창녕
1872,김현진
1873,홍준관
1874,어수은
1875,이윤벙
1876,이유연
1877,전상유
1878,유희연
1879,이예재
1880,나초서
1881,김우제
1882,유무라
1883,최연견
1884,신나진
1885,김신연
1886,한민희
1887,이유우
1888,이은현
1889,원윤천
1890,박소민
1891,오수현
1892,차지지
1893,이재우
1894,이서라
1895,박준훈
1896,임혜저
1897,김원연
1898,이나경
1899,윤현연
1900,장채린
1901,한민긴
1902,조미경
1903,조영호
1904,정나서
1905,김성호
1906,김주재
1907,김상원
1908,서나윤
1909,김긴찬
1910,양미은
1911,양홍진
1912,김서연
1913,장미섭
1914,이유린
1915,신형오
1916,김저은
1917,김정현
1918,박승아
1919,김대성
1920,백주연
1921,신성혁
1922,강이주
1923,윤준원
1924,이수다
1925,우효해
1926,엄여영
1927,김훈범
1928,조소현
1929,공주빈
1930,이지저
1931,김전한
1932,황수지
1933,이형찬
1934,주은은
1935,박민우
1936,서지연
1937,이상찬
1938,김수희
1939,김원훈
1940,장유은
1941,박지환
1942,김예재
1943,김연현
1944,김주하
1945,김정우
1946,강지윤
1947,이승근
1948,이소진
1949,강훈현
1950,최수린
1951,이상연
1952,조희운
1953,윤관현
1954,김태연
1955,이조견
1956,김소빈
1957,이지진
1958,김슨인
1959,박상성
1960,권채연
1961,신운석
1962,김자진
1963,서동현
1964,최수은
1965,주형석
1966,김시원
1967,황현진
1968,서희솔
1969,한진석
1970,장주원
1971,김상구
1972,정민연
1973,김지민
1974,조효민
1975,한벙찬
1976,이혜린
1977,임상긴
1978,신지주
1979,오종인
1980,최세민
1981,진준희
1982,우지민
1983,안봉우
1984,김저화
1985,김우평
1986,최서원
1987,이용서
1988,손가연
1989,박도수
1990,이서원
1991,권진혁
1992,정서연
1993,김응인
1994,고혜빈
1995,안병호
1996,유지서
1997,김현현
1998,김도연
1999,나승석
2000,주하윤
2001,차덩석
2002,김도경
2003,이균준
2004,오현윤
2005,나우현
2006,이세서
2007,오주현
2008,이지윤
2009,오성회
2010,김서서
2011,박성원
2012,권나현
2013,이청현
2014,구민우
2015,박성훈
2016,이주현
2017,김재현
2018,정지저
2019,문성후
2020,장재영
2021,전호구
2022,이가현
2023,김경균
2024,박민연
2025,이민훈
2026,김서나
2027,박장호
2028,최민은
2029,이승윤
2030,이시원
2031,김준진
2032,윤승영
2033,김준낭
2034,장민우
2035,원원운
2036,한도원
2037,최형준
2038,박연원
2039,박병주
2040,공채하
2041,박종영
2042,신혜지
2043,김웅현
2044,김다연
2045,원주민
2046,송수민
2047,김재인
2048,성시린
2049,길동요
2050,전채운
2051,김예현
2052,유서리
2053,이요운
2054,김지지
2055,이현연
2056,한혜하
2057,정민운
2058,김수현
2059,탁성호
2060,조지저
2061,김용진
2062,정예재
2063,김민균
2064,강재진
2065,심홍균
2066,박민진
2067,이상준
2068,홍연민
2069,최태원
2070,윤하경
2071,신강우
2072,황지수
2073,김승운
2074,이하연
2075,양기주
2076,이서린
2077,김형환
2078,권지은
2079,현재준
2080,김주인
2081,정회준
2082,표규현
2083,이의호
2084,김하빈
2085,최호연
2086,권유서
2087,설겅우
2088,성유경
2089,김형원
2090,소오연
2091,최종성
2092,황하나
2093,김민희
2094,김민한
2095,박유호
2096,이수현
2097,조재유
2098,김수현
2099,강항연
2100,정혜민
2101,조동환
2102,오은재
2103,정근미
2104,정미린
2105,이경호
2106,심유혜
2107,김경진
2108,이혜연
2109,임민훈
2110,강근주
2111,최원현
2112,임주연
2113,조승린
2114,이윤운
2115,권유환
2116,주유윤
2117,김병천
2118,정주은
2119,김누웅
2120,선채경
2121,정대고
2122,임윤현
2123,김순운
2124,고현영
2125,조항주
2126,한가린
2127,방진진
2128,윤채재
2129,양우형
2130,조예연
2131,유태연
2132,권유린
2133,이봉우
2134,전미주
2135,원성혁
2136,박유인
2137,이재호
2138,조나준
2139,유진찬
2140,정오원
2141,오규현
2142,유유민
2143,송용영
2144,장채안
2145,김전찬
2146,신세진
2147,이정태
2148,윤예원
2149,강동주
2150,이혜은
2151,김기혼
2152,송나현
2153,김우우
2154,조서민
2155,손창규
2156,조희한
2157,이현혁
2158,강보현
2159,정신료
2160,백혜현
2161,백형태
2162,조미원
2163,황영원
2164,김여윤
2165,조형인
2166,이최빈
2167,옥형건
2168,이서수
2169,김현연
2170,이보서
2171,안응련
2172,이윤현
2173,류민민
2174,곽슨원
2175,정전오
2176,조승한
2177,남견호
2178,이미하
2179,신성료
2180,조채은
2181,김재찬
2182,유희서
2183,이세희
2184,최채연
2185,유가인
2186,송지민
2187,박효현
2188,김지빈
2189,김동환
2190,유태서
2191,전호섭
2192,이미경
2193,김상원
2194,최예진
2195,박영주
2196,이서나
2197,전채성
2198,황지린
2199,김성희
2200,박지연
2201,문주랑
2202,신저예
2203,김승빈
2204,이지은
2205,문홍준
2206,조현은
2207,박현진
2208,박다은
2209,왕동현
2210,전주연
2211,조병원
2212,정지연
2213,김다웅
2214,윤지연
2215,정형혁
2216,김저현
2217,주지성
2218,송소연
2219,김태원
2220,이가인
2221,김승규
2222,김호연
2223,이진엽
2224,송지효
2225,위한훈
2226,김지연
2227,박정현
2228,한유우
2229,박산신
2230,양혜진
2231,조재황
2232,공차경
2233,장정석
2234,배연인
2235,이정석
2236,윤채연
2237,김혜환
2238,배하우
2239,정동현
2240,윤소경
2241,이용진
2242,최세주
2243,이성현
2244,임유연
2245,홍균진
2246,이채소
2247,유동운
2248,선주원
2249,이공민
2250,김혜연
2251,차준헝
2252,김지서
2253,박강호
2254,최유연
2255,장규현
2256,권혜진
2257,유성희
2258,김성현
2259,권승우
2260,권채정
2261,송겅해
2262,하보운
2263,이현원
2264,김예원
2265,임항번
2266,김유경
2267,이지황
2268,김지주
2269,이호순
2270,옥수경
2271,고지운
2272,최최은
2273,박진원
2274,홍지솔
2275,박태우
2276,김지은
2277,김동후
2278,황지유
2279,이지인
2280,김소빈
2281,김준헉
2282,장미진
2283,김형헌
2284,황민린
2285,이정주
2286,박혜지
2287,나동현
2288,이미혜
2289,백경현
2290,문재안
2291,유찬석
2292,김연인
2293,곽주환
2294,이연원
2295,천동찬
2296,최서흔
2297,오민긴
2298,도연빈
2299,김경석
2300,주예민
2301,조경진
2302,이혀예
2303,최재신
2304,최수린
2305,이봉헌
2306,이보영
2307,강상현
2308,이아진
2309,정준민
2310,박진연
2311,이문석
2312,김지진
2313,박신수
2314,민혜원
2315,한지진
2316,추세연
2317,이준영
2318,김수빈
2319,이주호
2320,김민윤
2321,노성성
2322,권유은
2323,강상도
2324,김슨수
2325,이병버
2326,민은현
2327,김재균
2328,하세현
2329,고희호
2330,민혜연
2331,신시규
2332,김수윤
2333,이태석
2334,박하연
2335,김재후
2336,이여진
2337,김봉채
2338,임주원
2339,박양한
2340,박태주
2341,박주청
2342,엄규빈
2343,조승환
2344,정가연
2345,강병호
2346,김혜현
2347,김주현
2348,김유정
2349,이경군
2350,심주안
2351,김진훈
2352,박세정
2353,김주형
2354,서주현
2355,신민재
2356,김다경
2357,전지신
2358,이채연
2359,이경거
2360,김저원
2361,조친인
2362,이지준
2363,박긍현
2364,민지연
2365,김영신
2366,장은윤
2367,장춘헌
2368,이저진
2369,이전준
2370,임현연
2371,김형준
2372,인유연
2373,김훈현
2374,곽연진
2375,정성호
2376,민수빈
2377,정동신
2378,강다나
2379,신영현
2380,강주진
2381,김태인
2382,최희민
2383,황중찬
2384,양소진
2385,이동욱
2386,김지원
2387,조영준
2388,이은현
2389,박윤희
2390,한혜린
2391,홍민재
2392,김재연
2393,이민우
2394,이민연
2395,함병훈
2396,이희경
2397,한긴후
2398,정예연
2399,조준수
2400,김혜현
2401,임동현
2402,성민서
2403,이태평
2404,김시현
2405,이동균
2406,원의윤
2407,박윤번
2408,강연수
2409,김상긴
2410,이하수
2411,이필현
2412,박소저
2413,박인훈
2414,이지현
2415,김주희
2416,김윤아
2417,김연지
2418,천서은
2419,구성식
2420,이저정
2421,장주재
2422,이소주
2423,남면운
2424,허하연
2425,김승홍
2426,황지연
2427,공병희
2428,박수주
2429,김정준
2430,김예저
2431,정웅빈
2432,박슨지
2433,김성한
2434,차세인
2435,강동현
2436,김주희
2437,심강원
2438,차지서
2439,한동빈
2440,김미솔
2441,김병준
2442,오소연
2443,하승균
2444,심태은
2445,김시호
2446,조수재
2447,김승원
2448,정소현
2449,서경현
2450,이아빈
2451,김대산
2452,임유진
2453,천준민
2454,김윤주
2455,조현윤
2456,김주현
2457,박만완
2458,이연진
2459,유응규
2460,김서주
2461,한찬호
2462,김세현
2463,김견현
2464,도가하
2465,이태현
2466,조사린
2467,권청원
2468,김혜진
2469,김형현
2470,김지현
2471,이문주
2472,김기원
2473,박성삭
2474,지소연
2475,최재민
2476,남주원
2477,허운용
2478,김은인
2479,우승사
2480,전지우
2481,한영긴
2482,김현민
2483,김우재
2484,허민연
2485,김성수
2486,박지빈
2487,김예색
2488,손아원
2489,장연희
2490,황지서
2491,서원준
2492,남재원
2493,정윤호
2494,손수재
2495,김태훈
2496,전세수
2497,신성범
2498,강현진
2499,김재원
2500,김혜나
2501,김종준
2502,최연경
2503,구중현
2504,주서련
2505,이원휘
2506,고세나
2507,이재숙
2508,성연나
2509,류준환
2510,손가련
2511,이재섭
2512,윤아린
2513,박안후
2514,고민영
2515,임승원
2516,강소연
2517,홍주주
2518,오유연
2519,정긴주
2520,이예영
2521,김주견
2522,나나현
2523,정진연
2524,노혜서
2525,이경현
2526,안연현
2527,김세범
2528,황다현
2529,이진원
2530,최예은
2531,김지진
2532,김수연
2533,최재동
2534,이도주
2535,최준근
2536,김주주
2537,김재균
2538,이지진
2539,전의용
2540,김연주
2541,곽재조
2542,조채빈
2543,허인은
2544,정규현
2545,조한쟁
2546,정예원
2547,이제민
2548,이지운
2549,윤진영
2550,윤다우
2551,유성현
2552,김서서
2553,고성성
2554,황주연
2555,유주련
2556,이지예
2557,이형우
2558,이희빈
2559,정동준
2560,최시희
2561,김승준
2562,강주현
2563,김왕진
2564,김하희
2565,조성민
2566,정지은
2567,이원푱
2568,장나연
2569,이태환
2570,정소린
2571,문지벅
2572,송지연
2573,서연현
2574,방소연
2575,박승준
2576,정세경
2577,김세준
2578,이다진
2579,윤긴현
2580,김예유
2581,김지호
2582,이소현
2583,이태규
2584,이은인
2585,최대소
2586,임서나
2587,정겅욱
2588,조가윤
2589,허동환
2590,권지원
2591,배현엉
2592,김지원
2593,남현연
2594,변윤현
2595,박조무
2596,송초연
2597,김긍인
2598,박민서
2599,이벙연
2600,이소연
2601,김승성
2602,이하전
2603,김민태
2604,남지연
2605,김경순
2606,이가현
2607,이시산
2608,조채우
2609,이재윤
2610,김도진
2611,최상규
2612,김혜민
2613,공승령
2614,최지혜
2615,이겅엽
2616,최민현
2617,인재헉
2618,이예원
2619,김주욱
2620,문세경
2621,조대호
2622,서민윤
2623,최진재
2624,김지진
2625,김진현
2626,박하연
2627,이도규
2628,곽나경
2629,주민시
2630,전지진
2631,이제민
2632,윤현진
2633,김현규
2634,강유민
2635,백우환
2636,김시연
2637,정경성
2638,정성연
2639,이한원
2640,김민지
2641,조주석
2642,황유윤
2643,이영원
2644,김보연
2645,김저현
2646,한도지
2647,조민형
2648,정지빈
2649,윤순빈
2650,박자은
2651,장벙호
2652,강혜진
2653,백상완
2654,조혜연
2655,서형긴
2656,허성빈
2657,채준준
2658,김민저
2659,이영도
2660,백수진
2661,민연연
2662,손유연
2663,윤준원
2664,김지예
2665,정남덕
2666,이민라
2667,김민역
2668,김서연
2669,김희준
2670,공다은
2671,나병준
2672,강미민
2673,조사태
2674,민유진
2675,박기현
2676,임혜수
2677,강종진
2678,변시나
2679,이견연
2680,박소연
2681,강태인
2682,전지지
2683,유성진
2684,정재진
2685,유상준
2686,송하아
2687,이동성
2688,윤민진
2689,김연천
2690,이다현
2691,조민숙
2692,김은연
2693,신병성
2694,박근영
2695,손연룡
2696,임희연
2697,엄형연
2698,김현현
2699,배지령
2700,하지영
2701,이당윤
2702,김보린
2703,박승희
2704,김차서
2705,박승훈
2706,강현희
2707,윤태주
2708,김서원
2709,정수훈
2710,김차현
2711,고창현
2712,김다준
2713,김윤운
2714,이예진
2715,임혜연
2716,김현주
2717,서형진
2718,이수연
2719,전상현
2720,송나린
2721,배면석
2722,안다윤
2723,최리민
2724,이미서
2725,임주원
2726,김태안
2727,이동민
2728,장슨민
2729,박동호
2730,김효연
2731,설재현
2732,정은린
2733,신저성
2734,김은희
2735,박승준
2736,김연양
2737,조정주
2738,이지주
2739,김승동
2740,권서서
2741,황인새
2742,채민윤
2743,이병진
2744,서다민
2745,이래진
2746,조민영
2747,양동준
2748,강연윤
2749,모형우
2750,임유민
2751,최용고
2752,황은지
2753,이진환
2754,이유지
2755,조수조
2756,박승우
2757,김규성
2758,박지현
2759,강도시
2760,신민림
2761,현현연
2762,서시늘
2763,이홍린
2764,정태연
2765,이주진
2766,정희주
2767,이영진
2768,이유현
2769,최고운
2770,이소경
2771,최홍웅
2772,장미은
2773,이옹원
2774,신주수
2775,김종현
2776,이희하
2777,박동운
2778,김다지
2779,선찬모
2780,정가희
2781,김병재
2782,이모나
2783,오세호
2784,최민은
2785,권지균
2786,김예연
2787,이정준
2788,김수은
2789,김겅준
2790,윤지민
2791,조주홍
2792,조지현
2793,서유운
2794,이지희
2795,한원주
2796,김혜주
2797,방태준
2798,신다림
2799,박승호
2800,민유희
2801,이긴환
2802,정지린
2803,이현현
2804,김서진
2805,천현우
2806,김소연
2807,윤항준
2808,박지현
2809,양재천
2810,김하원
2811,이주석
2812,박유주
2813,최당준
2814,우지경
2815,최성난
2816,김수민
2817,신도주
2818,안지연
2819,김주수
2820,이호현
2821,장동원
2822,원서주
2823,김동운
2824,김여민
2825,이현준
2826,안미원
2827,윤성현
2828,이다현
2829,김연긴
2830,김미나
2831,조창석
2832,손지인
2833,안주훈
2834,최주진
2835,이재소
2836,조미현
2837,심제재
2838,김나수
2839,송창번
2840,김최은
2841,최재서
2842,김지서
2843,장한현
2844,송유저
2845,송동후
2846,김도저
2847,박수준
2848,전지빈
2849,허상긴
2850,이세연
2851,이홍인
2852,김리현
2853,주민홍
2854,이연지
2855,김승연
2856,이지민
2857,이이우
2858,김연현
2859,이재석
2860,김도연
2861,장상현
2862,박소원
2863,권연훈
2864,윤규저
2865,박재운
2866,정은연
2867,엄조용
2868,김규혜
2869,조효현
2870,최예진
2871,김민준
2872,류예원
2873,한권혁
2874,김보연
2875,박앙현
2876,이주재
2877,손균완
2878,강유연
2879,안현준
2880,홍혜현
2881,한태현
2882,박보희
2883,이벙범
2884,조희비
2885,정지기
2886,임희슨
2887,김영희
2888,장슨현
2889,배이진
2890,이유연
2891,문유현
2892,정주재
2893,정태로
2894,정수효
2895,이조성
2896,유지연
2897,이대숭
2898,이민연
2899,박저현
2900,김수효
2901,이준운
2902,류하주
2903,박찬연
2904,정혜빈
2905,김태형
2906,김세빈
2907,조한숙
2908,이아원
2909,최원환
2910,최유연
2911,이광균
2912,김소진
2913,김응준
2914,고수늘
2915,김재건
2916,이현연
2917,강주석
2918,이예지
2919,김찬우
2920,박서지
2921,서성현
2922,우유예
2923,김중원
2924,장지경
2925,허성혁
2926,이유연
2927,김겅연
2928,장유연
2929,김겅현
2930,이수우
2931,장재석
2932,김다미
2933,이형긴
2934,이수지
2935,신태희
2936,민다영
2937,신응환
2938,이은은
2939,박진호
2940,김은희
2941,한경현
2942,고주희
2943,최경우
2944,이수연
2945,김민훈
2946,신은저
2947,장형진
2948,김지현
2949,이제진
2950,최수혜
2951,이성규
2952,이현은
2953,조유석
2954,장태연
2955,김동인
2956,양현현
2957,신원인
2958,배유진
2959,조형수
2960,김소저
2961,조진숙
2962,박차은
2963,최민훈
2964,유시진
2965,박호연
2966,이유민
2967,강균현
2968,이소은
2969,전휘우
2970,여윤연
2971,김수연
2972,안예운
2973,양상성
2974,이수린
2975,김도형
2976,유연은
2977,고원하
2978,안혜은
2979,조세형
2980,김연현
2981,김진수
2982,박도현
2983,이동원
2984,박은빈
2985,안유전
2986,이미진
2987,곽동민
2988,박여경
2989,고종민
2990,이소영
2991,이재준
2992,최주진
2993,서사영
2994,김수희
2995,이다원
2996,김서나
2997,황중인
2998,김서원
2999,조긴성
3000,임민수
3001,손균준
3002,조은희
3003,김면용
3004,권소재
3005,류긴현
3006,김민현
3007,정성군
3008,임미하
3009,기현진
3010,김희서
3011,이상영
3012,이현연
3013,박동훈
3014,최지우
3015,권형구
3016,오이은
3017,황사호
3018,김수진
3019,정영원
3020,김이영
3021,신성역
3022,이보윤
3023,이재푱
3024,여미서
3025,원원현
3026,최윤영
3027,최경문
3028,채태진
3029,양태형
3030,윤다경
3031,주종영
3032,김서연
3033,이동성
3034,김재연
3035,정동저
3036,박호빈
3037,문성현
3038,한저연
3039,이재유
3040,이저저
3041,고호원
3042,배지저
3043,신진릭
3044,김지연
3045,설조연
3046,차주현
3047,이은서
3048,이지빈
3049,김재연
3050,송유채
3051,정재진
3052,이도경
3053,임동호
3054,이보주
3055,김찬석
3056,안혜현
3057,함운원
3058,김서원
3059,김형력
3060,배희원
3061,조성운
3062,안소화
3063,김세순
3064,이예연
3065,김긴운
3066,김민나
3067,이동찬
3068,유효민
3069,전형수
3070,강희은
3071,채성호
3072,김연진
3073,송재환
3074,박시진
3075,김병호
3076,곽서연
3077,채도조
3078,이채늘
3079,최전한
3080,김나도
3081,진진혁
3082,엄시린
3083,이상한
3084,서수민
3085,이홍용
3086,윤도련
3087,김예수
3088,박수빈
3089,이동연
3090,전보솔
3091,김찬현
3092,최은진
3093,박진빈
3094,차채아
3095,이현현
3096,홍민서
3097,송병호
3098,최유경
3099,송동찬
3100,최유현
3101,김창준
3102,정소서
3103,남동규
3104,김지현
3105,정신균
3106,손혜흔
3107,김성연
3108,박서빈
3109,권연준
3110,신세연
3111,하기훈
3112,이은린
3113,이원회
3114,윤처연
3115,조춘빈
3116,한은빈
3117,김종현
3118,이민서
3119,설항우
3120,김예연
3121,이기현
3122,강윤연
3123,김수혁
3124,문규은
3125,도주규
3126,이유빈
3127,김영요
3128,오서서
3129,이민혁
3130,이자연
3131,김병석
3132,정세저
3133,이승형
3134,정소연
3135,임준우
3136,장민빈
3137,엄남주
3138,최보저
3139,윤재빈
3140,권보은
3141,임청수
3142,김소인
3143,류현재
3144,채유지
3145,조대훈
3146,조윤소
3147,이호청
3148,김하나
3149,이인훈
3150,김수연
3151,조운태
3152,박무희
3153,유주현
3154,김나윤
3155,조준원
3156,이미서
3157,윤영용
3158,이보연
3159,김현운
3160,강차원
3161,이성순
3162,최예경
3163,김재규
3164,문희나
3165,김영현
3166,유지경
3167,김종후
3168,김현현
3169,김진원
3170,강지원
3171,이민민
3172,이하영
3173,신시호
3174,백예원
3175,조광연
3176,김민애
3177,김재수
3178,백세진
3179,안규면
3180,김서희
3181,신차천
3182,박민서
3183,김주화
3184,박유진
3185,이원석
3186,김시연
3187,임잔재
3188,김유서
3189,김잔원
3190,강수원
3191,김승연
3192,조서경
3193,김한재
3194,김희연
3195,박성연
3196,방연은
3197,최도영
3198,한소민
3199,이시우
3200,김지현
3201,방태우
3202,이서연
3203,이영준
3204,김가원
3205,박운화
3206,김지희
3207,박승준
3208,고서경
3209,나동준
3210,송새진
3211,박지호
3212,김민원
3213,송전준
3214,이연원
3215,김동환
3216,우수은
3217,안상안
3218,이보원
3219,최원석
3220,김하서
3221,조현규
3222,김나운
3223,전형현
3224,손예서
3225,안진규
3226,유보연
3227,양정우
3228,정수인
3229,신민석
3230,김지아
3231,김규현
3232,노소나
3233,김성영
3234,황은민
3235,김광도
3236,이지인
3237,김상헌
3238,손채원
3239,윤영석
3240,이지인
3241,권재민
3242,박유아
3243,이찬준
3244,이유연
3245,권성민
3246,탁지희
3247,권영승
3248,이혜연
3249,이형범
3250,김지경
3251,최예해
3252,김희빈
3253,문원의
3254,김예이
3255,심진원
3256,손다연
3257,권승운
3258,하유수
3259,서정연
3260,이수수
3261,김지식
3262,윤혜현
3263,염원완
3264,김지혜
3265,이지현
3266,홍은서
3267,김태준
3268,박서서
3269,황륜훈
3270,서현진
3271,홍성호
3272,이미연
3273,곽헝훈
3274,강연연
3275,김운한
3276,김은경
3277,이태준
3278,박지윤
3279,최주우
3280,정지연
3281,최전헌
3282,박예원
3283,진성훅
3284,최아연
3285,박강규
3286,노주인
3287,성주류
3288,박승연
3289,박용준
3290,최이현
3291,김상근
3292,황현민
3293,홍용순
3294,황현호
3295,최강균
3296,이민원
3297,최원배
3298,이혜늘
3299,한윤기
3300,이서현
3301,유미재
3302,김가연
3303,김시태
3304,최혜현
3305,이상호
3306,고주주
3307,송준우
3308,노예희
3309,이진준
3310,김채지
3311,김운연
3312,송도연
3313,이경환
3314,이미은
3315,김강녕
3316,백채연
3317,임진진
3318,최지희
3319,강지오
3320,박유원
3321,이운재
3322,강서주
3323,박희우
3324,이미은
3325,오휘번
3326,김민정
3327,김창현
3328,남주영
3329,손회우
3330,김가민
3331,박봉희
3332,서혜인
3333,박당룬
3334,황서수
3335,정성학
3336,김도은
3337,조영준
3338,김지우
3339,강원현
3340,김유은
3341,이영영
3342,오보원
3343,전태유
3344,박서원
3345,윤동는
3346,오소진
3347,장동민
3348,조연은
3349,이영휘
3350,이예래
3351,박창균
3352,한유현
3353,장지호
3354,김예린
3355,김동운
3356,유슨린
3357,김현진
3358,김성린
3359,박준호
3360,전지연
3361,심겅호
3362,신진진
3363,장재용
3364,김하서
3365,고승석
3366,양서현
3367,노형필
3368,조다윤
3369,박연만
3370,김민은
3371,최상민
3372,정다연
3373,변항영
3374,임시민
3375,전규성
3376,박채서
3377,장병윤
3378,이지은
3379,김태호
3380,현저민
3381,서제신
3382,김지은
3383,고희하
3384,지혜빈
3385,임성훈
3386,박민현
3387,김지환
3388,이지민
3389,장윤혁
3390,김서원
3391,이벙우
3392,김저서
3393,박병빈
3394,김지주
3395,조시신
3396,이다연
3397,정병경
3398,김예연
3399,변승영
3400,정주솔
3401,최래유
3402,박민진
3403,정동존
3404,이채원
3405,성재민
3406,허보현
3407,박준준
3408,김하윤
3409,신요용
3410,김저서
3411,조주주
3412,김혜채
3413,하한준
3414,한혜연
3415,김영한
3416,이혜저
3417,이원현
3418,김채빈
3419,이상환
3420,전연현
3421,김경운
3422,황민빈
3423,유성순
3424,박의연
3425,이지빈
3426,정주경
3427,주숭운
3428,권채진
3429,민홍완
3430,박혜원
3431,정형훈
3432,강유은
3433,강정벅
3434,이미원
3435,강중선
3436,최시서
3437,어민형
3438,이연진
3439,백준운
3440,한예아
3441,김재원
3442,송예빈
3443,정낙진
3444,이은연
3445,신종성
3446,차지은
3447,이상우
3448,박주서
3449,구창현
3450,김세연
3451,김인운
3452,김지린
3453,김선우
3454,임미은
3455,양호규
3456,반채린
3457,김연민
3458,홍시림
3459,이정권
3460,서지안
3461,송해영
3462,박오은
3463,이예진
3464,김가린
3465,임경현
3466,최수영
3467,김태현
3468,박아연
3469,이민엽
3470,이수인
3471,김승환
3472,박하현
3473,이주택
3474,김주현
3475,하평현
3476,김유진
3477,장주혼
3478,이시서
3479,심성현
3480,박수아
3481,한진현
3482,허서윤
3483,류성성
3484,정사연
3485,황상유
3486,박지현
3487,배승호
3488,김서안
3489,윤상준
3490,김규은
3491,이종민
3492,정혜연
3493,이용호
3494,정민아
3495,손주운
3496,김지연
3497,김민호
3498,곽주원
3499,서승연
3500,배수은
3501,김민운
3502,최유연
3503,김강성
3504,김예진
3505,이희흔
3506,박윤민
3507,손현지
3508,이지안
3509,남성재
3510,김지은
3511,권성찬
3512,김다원
3513,장슨석
3514,한서라
3515,박동민
3516,박은경
3517,김항재
3518,윤주현
3519,조주환
3520,하은린
3521,김찬조
3522,고현린
3523,윤혜준
3524,권새경
3525,성계용
3526,안은주
3527,표이우
3528,오소영
3529,이성윤
3530,이예연
3531,조형민
3532,김서주
3533,하현평
3534,박다빈
3535,신동석
3536,박유은
3537,서효제
3538,정현은
3539,최형민
3540,신주윤
3541,심재섭
3542,이현란
3543,김민준
3544,정지연
3545,최병주
3546,정혀연
3547,송종영
3548,민예재
3549,백벙성
3550,김민현
3551,이재호
3552,김혜예
3553,이웅진
3554,변예지
3555,장수현
3556,주혜은
3557,장윤민
3558,배서라
3559,구대인
3560,민예영
3561,정봉준
3562,공현인
3563,김인겅
3564,박지서
3565,유횽천
3566,신예민
3567,백태현
3568,조혜희
3569,김변성
3570,서시은
3571,유윤석
3572,최예지
3573,문민연
3574,정혜솔
3575,양요훈
3576,강서희
3577,김재준
3578,박소영
3579,신재민
3580,김지인
3581,김덩라
3582,김주빈
3583,김성재
3584,백나원
3585,유성찬
3586,이현인
3587,김병천
3588,김현원
3589,박재긴
3590,이예원
3591,우성후
3592,이서한
3593,이승성
3594,김다은
3595,정홍덕
3596,남채빈
3597,이승격
3598,조세빈
3599,권거훈
3600,엄하서
3601,이시환
3602,강유주
3603,배형원
3604,김은아
3605,유유빈
3606,최운진
3607,한태현
3608,장지지
3609,여당식
3610,정서인
3611,유종준
3612,정지수
3613,김준역
3614,서은진
3615,유희걱
3616,안희안
3617,정창준
3618,윤민주
3619,오형후
3620,최연연
3621,김주준
3622,이수윤
3623,서동준
3624,백윤현
3625,김승혼
3626,김현영
3627,이륜혼
3628,도민우
3629,송연현
3630,이유서
3631,조순연
3632,이소민
3633,양진현
3634,강주민
3635,천신현
3636,강혜빈
3637,김재촌
3638,김아혜
3639,이요현
3640,임주희
3641,박태재
3642,김시빈
3643,김세운
3644,홍보지
3645,남창진
3646,박혜연
3647,이현민
3648,배민진
3649,최주민
3650,김푸소
3651,유신홍
3652,신유은
3653,안전주
3654,박새은
3655,김지호
3656,조보원
3657,김승준
3658,권나진
3659,양준채
3660,정소연
3661,고재연
3662,유이나
3663,박승민
3664,배은윤
3665,김주준
3666,류미연
3667,윤종혁
3668,김여진
3669,이태진
3670,신가경
3671,이조보
3672,서서현
3673,양원연
3674,박은윤
3675,한남희
3676,이지경
3677,유민항
3678,박희현
3679,주태천
3680,이이서
3681,권전환
3682,신희현
3683,최의현
3684,박슨연
3685,안문인
3686,신주연
3687,정호경
3688,윤채은
3689,정병원
3690,나은인
3691,이유석
3692,송현주
3693,이지산
3694,황가안
3695,강재성
3696,김윤은
3697,이긴한
3698,박유빈
3699,이종횽
3700,이은희
3701,김항영
3702,최인윤
3703,이산빈
3704,이효서
3705,강승훈
3706,박은윤
3707,우상영
3708,정은은
3709,박후번
3710,김민경
3711,이재규
3712,양채린
3713,장성민
3714,백유진
3715,김세진
3716,이소현
3717,한재윤
3718,이민빈
3719,신규양
3720,김예재
3721,정성호
3722,김진민
3723,고인진
3724,오지지
3725,윤간성
3726,김혜린
3727,문대효
3728,송진희
3729,김규현
3730,김무빈
3731,유제운
3732,백최성
3733,허준준
3734,최채연
3735,윤주성
3736,김민연
3737,김민성
3738,김지경
3739,백태운
3740,이아솔
3741,이재호
3742,김의빈
3743,조예근
3744,조주원
3745,지서재
3746,김하민
3747,김승우
3748,최유서
3749,김경훅
3750,이수래
3751,정주현
3752,박최진
3753,은기균
3754,이민나
3755,김휘준
3756,박근연
3757,이승성
3758,구하연
3759,조상진
3760,민저은
3761,김성현
3762,조유현
3763,이태준
3764,이주인
3765,김예빈
3766,장수연
3767,최민운
3768,박도채
3769,김옹형
3770,조유정
3771,박원빈
3772,윤소서
3773,김태훈
3774,이서원
3775,정재굥
3776,홍현연
3777,성기연
3778,이소연
3779,윤대주
3780,권승현
3781,조주윤
3782,이민나
3783,이우진
3784,정서윤
3785,신성현
3786,박원빈
3787,이상숙
3788,이서현
3789,신범태
3790,김지진
3791,김연혁
3792,조미서
3793,안현성
3794,윤서주
3795,김유현
3796,박주린
3797,이우성
3798,김승혜
3799,조긍준
3800,최지인
3801,이승항
3802,박서민
3803,염주근
3804,김민원
3805,박긴진
3806,남수연
3807,손태규
3808,주연은
3809,김남현
3810,정자신
3811,주수원
3812,정다희
3813,유윤연
3814,곽지진
3815,인이슨
3816,이도수
3817,차봉희
3818,정새민
3819,최긴운
3820,최주리
3821,유성성
3822,김지연
3823,김용연
3824,황혜연
3825,김동두
3826,강나연
3827,나남규
3828,김다연
3829,황신빈
3830,김아원
3831,김형환
3832,한주경
3833,김진한
3834,우다나
3835,정변현
3836,박지화
3837,김정주
3838,윤지연
3839,김재우
3840,성서원
3841,김태찬
3842,문태연
3843,박인긴
3844,홍지진
3845,송지훈
3846,김미민
3847,김형연
3848,임은경
3849,최태영
3850,곽인은
3851,오원한
3852,최혜진
3853,진승푱
3854,최유리
3855,이창진
3856,박채현
3857,김형헝
3858,이저은
3859,장성유
3860,구효원
3861,조재오
3862,박소나
3863,임진년
3864,남예은
3865,김영석
3866,엄예린
3867,박동빈
3868,지지전
3869,박당인
3870,김나나
3871,이태고
3872,배수주
3873,김진현
3874,손저정
3875,권예현
3876,김호연
3877,하한영
3878,강지윤
3879,표윤본
3880,배서예
3881,정주규
3882,이규진
3883,오봉현
3884,안수연
3885,조주호
3886,심윤은
3887,공상규
3888,김지연
3889,신진주
3890,최하빈
3891,김수현
3892,이예연
3893,이주운
3894,김유진
3895,박창한
3896,신지현
3897,진상현
3898,박예경
3899,김성채
3900,정서진
3901,이인찬
3902,유은지
3903,안진긴
3904,허혜연
3905,장홍고
3906,김성저
3907,박연겅
3908,유가은
3909,강재재
3910,양민인
3911,권재영
3912,김미연
3913,이주윤
3914,이인서
3915,유기연
3916,강지솔
3917,이숭석
3918,박예원
3919,김우주
3920,조서화
3921,이민성
3922,손세린
3923,원유완
3924,박서혜
3925,김태우
3926,정유윤
3927,박봉항
3928,정이린
3929,박조보
3930,심지수
3931,윤희규
3932,김희진
3933,현동중
3934,신유진
3935,정주문
3936,손희현
3937,신시현
3938,장도연
3939,최태진
3940,이해솔
3941,김현환
3942,곽혜나
3943,이정훈
3944,권이효
3945,양태훈
3946,김서연
3947,안주준
3948,황지현
3949,장연준
3950,이가진
3951,배현천
3952,서지진
3953,이형운
3954,박민윤
3955,연연재
3956,홍승지
3957,이현숙
3958,정보원
3959,강도수
3960,김유경
3961,곽진운
3962,현민나
3963,장재환
3964,권보지
3965,김준빈
3966,김현수
3967,신긴민
3968,강은진
3969,최주수
3970,김소시
3971,윤원영
3972,지주민
3973,고홍호
3974,이도민
3975,최승현
3976,손재지
3977,최지현
3978,박다진
3979,박승석
3980,서지빈
3981,김지희
3982,강주민
3983,김태조
3984,김하희
3985,조정민
3986,류민연
3987,백겅연
3988,이세서
3989,박태완
3990,이하진
3991,정균우
3992,맹수서
3993,공대현
3994,김태하
3995,정강성
3996,정새진
3997,유응현
3998,김유주
3999,신장진
4000,김수리
4001,유긍문
4002,이혜연
4003,최동준
4004,이세영
4005,노승후
4006,구시원
4007,김성우
4008,박소희
4009,김영찬
4010,김수효
4011,전준운
4012,유규빈
4013,김민효
4014,조이연
4015,강주숙
4016,박가나
4017,박현현
4018,이서희
4019,신재윤
4020,김민다
4021,류재호
4022,이현빈
4023,배동찬
4024,김서현
4025,최병억
4026,이보민
4027,임우용
4028,원소연
4029,이나진
4030,김재진
4031,전재웅
4032,최미희
4033,이진규
4034,홍저주
4035,황대유
4036,전지우
4037,김예인
4038,이지나
4039,한성운
4040,이유연
4041,최민주
4042,이예민
4043,구현운
4044,방태민
4045,이동수
4046,박민서
4047,조수우
4048,이나경
4049,정운현
4050,이소현
4051,최동현
4052,오유은
4053,최성우
4054,최소호
4055,송장원
4056,박예채
4057,박현군
4058,주주다
4059,이준연
4060,허희빈
4061,배효호
4062,강가윤
4063,이영환
4064,유연은
4065,임의준
4066,최예민
4067,정신성
4068,박예진
4069,허지호
4070,전은현
4071,노경호
4072,김지정
4073,이정환
4074,김수원
4075,진재윤
4076,김벼연
4077,문선빈
4078,박이연
4079,안상형
4080,김슨희
4081,이동윤
4082,홍지윤
4083,강의운
4084,안지현
4085,김진영
4086,박현인
4087,오찬준
4088,김오인
4089,양홍준
4090,김민연
4091,황승민
4092,김현지
4093,이혜현
4094,김현인
4095,문민민
4096,남지영
4097,송순현
4098,주혜영
4099,정상현
4100,정지현
4101,김재주
4102,서민현
4103,홍민주
4104,김소민
4105,김영현
4106,김유연
4107,이세운
4108,이시서
4109,김현우
4110,박아린
4111,김성현
4112,정예진
4113,박면석
4114,송채영
4115,임석석
4116,김유린
4117,임전긴
4118,김주은
4119,이한현
4120,박지원
4121,김승성
4122,박수지
4123,서정규
4124,신유연
4125,이견우
4126,김인원
4127,전휘환
4128,이보희
4129,서재운
4130,조현현
4131,강성주
4132,이규연
4133,김형규
4134,임다연
4135,민의호
4136,박유현
4137,최신한
4138,이저원
4139,최성운
4140,한서연
4141,윤규군
4142,김다형
4143,김재우
4144,이희영
4145,김주수
4146,이해현
4147,최시은
4148,성소은
4149,이승우
4150,김채연
4151,이겅현
4152,윤지예
4153,김이연
4154,이지앙
4155,김민호
4156,신채민
4157,윤병윤
4158,박지빈
4159,조건진
4160,김민진
4161,정주석
4162,한서서
4163,김재호
4164,김현민
4165,정승희
4166,장다원
4167,최천현
4168,황민인
4169,이세련
4170,구수민
4171,박성호
4172,최안연
4173,박상욱
4174,문지주
4175,손지석
4176,김연은
4177,한승진
4178,이희현
4179,박홍민
4180,이서연
4181,임기형
4182,김예연
4183,안희우
4184,김지민
4185,황주준
4186,유예예
4187,이평민
4188,정서연
4189,김용원
4190,김주연
4191,신형시
4192,박지주
4193,변재견
4194,안수진
4195,박준번
4196,김호윤
4197,백민재
4198,김나경
4199,박숭준
4200,손은이
4201,나승호
4202,조민연
4203,이지벅
4204,문유라
4205,김현재
4206,최채진
4207,안원운
4208,백아현
4209,이진관
4210,강현빈
4211,이긴후
4212,이응인
4213,김창운
4214,김지연
4215,최상후
4216,문보인
4217,강거배
4218,김민인
4219,강저종
4220,이유안
4221,신민재
4222,윤아원
4223,김진하
4224,김희리
4225,김전규
4226,김가현
4227,김승환
4228,김여서
4229,이승민
4230,민지나
4231,김진운
4232,조연린
4233,이동인
4234,조보시
4235,최긴운
4236,유예윤
4237,박윤빈
4238,채유은
4239,김주범
4240,권성민
4241,김주진
4242,김지은
4243,김인긴
4244,박현연
4245,김상운
4246,이채연
4247,허성수
4248,김시현
4249,강태성
4250,이하하
4251,강대용
4252,강유원
4253,윤관규
4254,안주하
4255,김윤한
4256,서시진
4257,정대빈
4258,홍은진
4259,이민운
4260,김지윤
4261,전태현
4262,이규나
4263,이대찬
4264,김미아
4265,오민성
4266,조차인
4267,박창현
4268,임민현
4269,박민현
4270,채소빈
4271,오민철
4272,강민은
4273,김민민
4274,연유안
4275,장세원
4276,한저희
4277,오성주
4278,이진진
4279,임현현
4280,이예경
4281,김성호
4282,임의채
4283,김우영
4284,김예현
4285,김연희
4286,강저연
4287,김문재
4288,최혜연
4289,김청환
4290,이미윤
4291,임현천
4292,정지지
4293,윤재연
4294,문송현
4295,박순수
4296,전윤연
4297,박동진
4298,이저현
4299,조형서
4300,박서저
4301,위상운
4302,이예은
4303,유정환
4304,김하지
4305,김성원
4306,김세현
4307,김진주
4308,조지은
4309,박영운
4310,김서연
4311,이광화
4312,장지지
4313,정해현
4314,남민윤
4315,이성보
4316,유혀서
4317,김준현
4318,하수은
4319,김민진
4320,김은서
4321,정송운
4322,김도민
4323,이나우
4324,배주현
4325,홍용섭
4326,이현영
4327,박현혁
4328,송예진
4329,허순긴
4330,조서연
4331,이희수
4332,김지연
4333,서현수
4334,이혜나
4335,이재성
4336,최채경
4337,김동규
4338,이예은
4339,김홍기
4340,임서아
4341,안희성
4342,김은주
4343,이영수
4344,신유진
4345,김상현
4346,강수린
4347,박해현
4348,김조연
4349,배호준
4350,이현희
4351,김민현
4352,유은연
4353,오동연
4354,김아린
4355,최남용
4356,전무윤
4357,채슨숙
4358,유하우
4359,육성호
4360,안다은
4361,강영현
4362,최예린
4363,양윤녕
4364,박민은
4365,김성운
4366,조가인
4367,이성환
4368,정예민
4369,이항도
4370,지지인
4371,황우훅
4372,최서수
4373,윤민진
4374,김채소
4375,황정후
4376,안유영
4377,이면수
4378,김주우
4379,김재근
4380,편가진
4381,김연민
4382,박유린
4383,염한기
4384,김서민
4385,고신원
4386,김하민
4387,박긍숙
4388,김미련
4389,장동운
4390,김희주
4391,오전현
4392,김서서
4393,김찬호
4394,김혜연
4395,이홍세
4396,김혜연
4397,박진성
4398,김주운
4399,김도준
4400,송채진
4401,김창진
4402,이혜원
4403,박찬성
4404,조주혜
4405,최영준
4406,김지진
4407,박주긴
4408,김재은
4409,김진성
4410,김은영
4411,배재환
4412,성윤연
4413,소동헉
4414,송지신
4415,김정번
4416,정지연
4417,장현주
4418,백연린
4419,김민우
4420,서세도
4421,신상일
4422,김가윤
4423,장영훈
4424,한서민
4425,임하현
4426,이나진
4427,정미현
4428,지승은
4429,이민진
4430,김가진
4431,임저영
4432,김수은
4433,이민민
4434,조혜연
4435,임성현
4436,류승주
4437,장재후
4438,박유윤
4439,이종후
4440,오다은
4441,원준영
4442,허유민
4443,최준형
4444,김유빈
4445,김원래
4446,전수경
4447,이상석
4448,최하희
4449,허승희
4450,김민소
4451,변이찬
4452,이예연
4453,임숭성
4454,권서진
4455,김윤원
4456,정수민
4457,반재석
4458,김수연
4459,류준동
4460,문소빈
4461,송동견
4462,김소빈
4463,윤준구
4464,신사진
4465,박동은
4466,이소희
4467,정준몬
4468,오보진
4469,정성번
4470,정유원
4471,임승민
4472,홍선혜
4473,박간성
4474,이은린
4475,강준회
4476,강유주
4477,박태후
4478,임서연
4479,김문균
4480,강효경
4481,서면설
4482,김저연
4483,김경현
4484,오해연
4485,박지운
4486,우소주
4487,임성수
4488,신혜경
4489,염동균
4490,심은경
4491,남남조
4492,이미빈
4493,이승민
4494,김서원
4495,한준환
4496,임윤원
4497,하종현
4498,김지준
4499,박신민
4500,김현희
4501,최승번
4502,정유원
4503,이병유
4504,임소빈
4505,이동환
4506,김유현
4507,홍승주
4508,유지영
4509,노경운
4510,정나은
4511,박주진
4512,박채현
4513,전승현
4514,정소연
4515,오지원
4516,김은민
4517,문진민
4518,김가연
4519,최잔운
4520,안고연
4521,김원성
4522,이나진
4523,박진호
4524,김유진
4525,장천민
4526,서수희
4527,여정요
4528,권재연
4529,양지휘
4530,최지민
4531,김진준
4532,임희민
4533,김성석
4534,장수경
4535,반종용
4536,최연빈
4537,이준운
4538,김하린
4539,진정우
4540,이혜인
4541,우견운
4542,이지희
4543,곽세호
4544,신서빈
4545,김준운
4546,이채진
4547,박운재
4548,이지희
4549,전재준
4550,윤예연
4551,정원현
4552,최재영
4553,곽규희
4554,염소재
4555,이민석
4556,김예수
4557,박승연
4558,박수진
4559,백성은
4560,이수은
4561,박동원
4562,정혀연
4563,정명완
4564,윤나혜
4565,이태유
4566,박수희
4567,윤민권
4568,백미현
4569,한종호
4570,김혜현
4571,윤인연
4572,김지원
4573,박주연
4574,진유은
4575,황상구
4576,이하현
4577,김정진
4578,송소혜
4579,안황훅
4580,윤은연
4581,한진준
4582,김지안
4583,신주후
4584,오의연
4585,박정겅
4586,오소린
4587,홍진우
4588,조태은
4589,김동준
4590,김예연
4591,안성석
4592,박소연
4593,배연수
4594,진지저
4595,황성호
4596,김저연
4597,김승수
4598,허민윤
4599,장옹현
4600,문주현
4601,홍간희
4602,최나화
4603,박준호
4604,장지진
4605,김지수
4606,어보은
4607,신성석
4608,손세린
4609,박성운
4610,백의연
4611,이조우
4612,최보윤
4613,김민주
4614,김성아
4615,장재재
4616,홍주주
4617,김재호
4618,김지경
4619,서성호
4620,권모민
4621,강윤용
4622,김슨진
4623,최상주
4624,유예주
4625,신지희
4626,신규빈
4627,손주균
4628,이시연
4629,남경엽
4630,김유연
4631,김경현
4632,조정윤
4633,장성진
4634,김희연
4635,정한제
4636,서유솔
4637,이재성
4638,나현서
4639,김동한
4640,최예경
4641,정긴성
4642,김민연
4643,심종희
4644,김안지
4645,오태연
4646,고수서
4647,추상석
4648,손지윤
4649,박주현
4650,최주연
4651,한홍현
4652,최소다
4653,안재재
4654,김희나
4655,박언언
4656,이수저
4657,심승원
4658,문소은
4659,김재민
4660,조다희
4661,이주찬
4662,서승린
4663,김옹현
4664,유세원
4665,나태세
4666,김유연
4667,김요석
4668,송서민
4669,이운춘
4670,김유연
4671,양성령
4672,이지경
4673,이항태
4674,김보연
4675,김한운
4676,서채린
4677,정규환
4678,천지연
4679,도규긴
4680,서지지
4681,박민문
4682,전유경
4683,김현준
4684,손지주
4685,이종현
4686,이유연
4687,김항석
4688,전차빈
4689,김대준
4690,김수정
4691,조조서
4692,김예리
4693,양경진
4694,송수예
4695,유겅굥
4696,박세영
4697,정승현
4698,김예수
4699,강승현
4700,정예영
4701,서현신
4702,한예연
4703,이형환
4704,이채현
4705,김현진
4706,조주솔
4707,나두혁
4708,김수진
4709,홍동민
4710,홍소은
4711,정전신
4712,이채나
4713,정필보
4714,조희주
4715,강나조
4716,강저빈
4717,백병연
4718,정여림
4719,김형현
4720,최다하
4721,허승균
4722,정은라
4723,심겅수
4724,안하연
4725,조성진
4726,이유현
4727,황홍늠
4728,서민연
4729,강성번
4730,최나원
4731,류건영
4732,김주미
4733,허창악
4734,조희경
4735,고성원
4736,전이준
4737,이겅승
4738,이재민
4739,김정홍
4740,김주원
4741,박진린
4742,황도은
4743,박성라
4744,조가지
4745,이지환
4746,정나희
4747,박수빈
4748,김선영
4749,김지현
4750,김시혜
4751,김현영
4752,이하은
4753,김전석
4754,엄서안
4755,김성혼
4756,김태은
4757,김신진
4758,김승저
4759,최동현
4760,박미윤
4761,이민도
4762,김지연
4763,유재성
4764,장혜서
4765,권승준
4766,배유원
4767,안의숙
4768,박민경
4769,유원용
4770,양저지
4771,정재빈
4772,유민은
4773,김완조
4774,김유예
4775,김준석
4776,임수주
4777,임효필
4778,박연희
4779,문재운
4780,권수주
4781,김영공
4782,조주혜
4783,김유성
4784,정저영
4785,진호동
4786,권연련
4787,임범민
4788,정민윤
4789,윤찬긴
4790,주서빈
4791,윤도사
4792,박윤민
4793,정광진
4794,서민민
4795,우진환
4796,남인경
4797,정준번
4798,김민인
4799,임령영
4800,전지린
4801,김인준
4802,신민빈
4803,이상주
4804,신유선
4805,성상완
4806,강하원
4807,임성혁
4808,도근이
4809,박지우
4810,임소영
4811,이재유
4812,김유경
4813,박균연
4814,이휘지
4815,신주회
4816,김시희
4817,김교민
4818,민현연
4819,강민승
4820,김서혜
4821,김신섭
4822,고지혜
4823,김경희
4824,이주른
4825,양성빈
4826,최저원
4827,이윤운
4828,박지영
4829,김민규
4830,김유영
4831,송종호
4832,오지민
4833,김재호
4834,심미연
4835,김윤해
4836,강서은
4837,정두모
4838,김민혜
4839,노시현
4840,김윤나
4841,김성견
4842,이소인
4843,최승청
4844,최시람
4845,김경준
4846,강소지
4847,이성응
4848,박민은
4849,장동환
4850,임보은
4851,성상민
4852,전나우
4853,김윤유
4854,박지진
4855,송준민
4856,박예형
4857,박경원
4858,김혜지
4859,유의희
4860,이수민
4861,유태민
4862,최은화
4863,주조호
4864,소예연
4865,김견호
4866,박가연
4867,박동호
4868,최지서
4869,김대지
4870,서유지
4871,김규훈
4872,정민원
4873,유예재
4874,이유원
4875,신숭응
4876,박미진
4877,장남희
4878,이가경
4879,임성수
4880,안민늘
4881,박우석
4882,정혜주
4883,김찬성
4884,김지영
4885,전성한
4886,신수지
4887,이용균
4888,염근영
4889,정현준
4890,박태서
4891,정선후
4892,김도희
4893,이동민
4894,심보원
4895,임성진
4896,류수빈
4897,박연연
4898,이미연
4899,소태용
4900,김가하
4901,이혀형
4902,한여민
4903,강제원
4904,강채경
4905,김강배
4906,김슨른
4907,임성주
4908,박도윤
4909,양주현
4910,최유예
4911,김겅환
4912,한미하
4913,정홍성
4914,김유재
4915,최현진
4916,정나림
4917,고종석
4918,손예현
4919,정찬영
4920,김지연
4921,김민시
4922,서은지
4923,김병화
4924,한보저
4925,박태민
4926,홍긍원
4927,이정석
4928,곽지진
4929,박형민
4930,김수연
4931,강경석
4932,오지원
4933,안도성
4934,민하진
4935,왕변주
4936,김지주
4937,최효현
4938,김지진
4939,공창석
4940,이예현
4941,신겅주
4942,김수현
4943,한윤태
4944,심민현
4945,우원환
4946,강지민
4947,송벙호
4948,최벼경
4949,김주운
4950,이가혜
4951,장굥표
4952,조유진
4953,김재운
4954,이미민
4955,김홍관
4956,장연서
4957,박주흔
4958,임미연
4959,이승긴
4960,이나연
4961,김대진
4962,이지윤
4963,이재환
4964,황성연
4965,신동엉
4966,길세연
4967,김동옹
4968,김지인
4969,신민호
4970,최서민
4971,이명찬
4972,신민서
4973,김규준
4974,유주연
4975,황지연
4976,박연연
4977,박현현
4978,진희경
4979,김상촐
4980,정은은
4981,박미한
4982,전민지
4983,류도진
4984,김연원
4985,이재희
4986,김예이
4987,최한인
4988,김민수
4989,김성수
4990,고서현
4991,이휘호
4992,박미어
4993,송운연
4994,홍희연
4995,조친주
4996,안서연
4997,정진주
4998,박서린
4999,선재빈
5000,김규인
5001,김창용
5002,김윤안
5003,이경연
5004,강채린
5005,권민민
5006,황지진
5007,장경형
5008,이주희
5009,이민현
5010,김세린
5011,장유태
5012,김민은
5013,박호운
5014,김가주
5015,김현준
5016,박겨현
5017,윤민후
5018,권세희
5019,임재선
5020,조현은
5021,전주성
5022,고지빈
5023,하주한
5024,신채원
5025,배광석
5026,신여민
5027,강원석
5028,윤지빈
5029,김대호
5030,김민저
5031,문운현
5032,박혀민
5033,조휘재
5034,강하희
5035,안홍거
5036,김주현
5037,박현완
5038,유미윤
5039,안환찬
5040,김지은
5041,조요형
5042,김서정
5043,김준보
5044,강유인
5045,김나요
5046,박보연
5047,김상근
5048,박다화
5049,성도현
5050,남슨나
5051,박용수
5052,김연신
5053,유성균
5054,유주저
5055,우홍호
5056,김전연
5057,권성선
5058,최우인
5059,김성운
5060,전서경
5061,유민규
5062,이예우
5063,신병엉
5064,최유건
5065,김사주
5066,최하빈
5067,이주현
5068,이서원
5069,김지수
5070,정지연
5071,김중우
5072,최재서
5073,이건준
5074,정혜연
5075,정주사
5076,윤소린
5077,김성우
5078,한성서
5079,박승형
5080,김희연
5081,이겅운
5082,박지빈
5083,유저우
5084,배서연
5085,고의란
5086,이호인
5087,강진규
5088,이규연
5089,김동석
5090,김정린
5091,김윤선
5092,김하연
5093,김병태
5094,김지지
5095,김긴한
5096,백서경
5097,박잔성
5098,심수민
5099,민정번
5100,김현현
5101,박강운
5102,강주윤
5103,임채인
5104,엄수연
5105,라진원
5106,김예준
5107,염성요
5108,신채빈
5109,이윤긴
5110,유예원
5111,최동숙
5112,김지연
5113,진민찬
5114,곽은경
5115,심주유
5116,강서예
5117,문민균
5118,김지른
5119,유준성
5120,강수영
5121,배우빈
5122,이아지
5123,김영고
5124,윤서연
5125,조세석
5126,강가민
5127,김주서
5128,장윤다
5129,표성진
5130,이지희
5131,윤항상
5132,유지화
5133,송성필
5134,배지민
5135,송견현
5136,김예진
5137,서영수
5138,송민민
5139,이민원
5140,송세림
5141,오희면
5142,성소리
5143,강희천
5144,주서슨
5145,송창운
5146,김나현
5147,최제훈
5148,황하희
5149,조긴운
5150,오소희
5151,전한옹
5152,양지민
5153,김민석
5154,조서현
5155,손동우
5156,엄재은
5157,윤운준
5158,김서연
5159,백현영
5160,김정저
5161,권정현
5162,이재지
5163,노현웅
5164,권다서
5165,김전숙
5166,이하서
5167,김명근
5168,이현주
5169,심병원
5170,조서연
5171,김승규
5172,이아경
5173,김견준
5174,노혜서
5175,최민준
5176,전서운
5177,변경진
5178,성세진
5179,김벙현
5180,최가신
5181,김홍현
5182,정수은
5183,조현현
5184,조예저
5185,안준주
5186,박미희
5187,박준연
5188,조다전
5189,박민석
5190,오아하
5191,김겅관
5192,송소민
5193,김형겅
5194,박슨연
5195,김운석
5196,황주지
5197,윤기규
5198,조지인
5199,조정우
5200,이유은
5201,박덩운
5202,정민형
5203,김호영
5204,송지진
5205,김세운
5206,황서서
5207,김민원
5208,박소은
5209,김수인
5210,김민연
5211,유관고
5212,김윤주
5213,정지환
5214,조하린
5215,정재현
5216,박세소
5217,김료준
5218,김혜연
5219,최성환
5220,권현서
5221,이진성
5222,최서예
5223,최정준
5224,방가은
5225,윤하혼
5226,김초진
5227,박해준
5228,오지지
5229,강주호
5230,김다아
5231,성재옹
5232,원민원
5233,김태태
5234,김지린
5235,강진원
5236,장최혜
5237,조세연
5238,송나윤
5239,유재낭
5240,김민린
5241,김낭수
5242,백유경
5243,이영현
5244,전은저
5245,이요성
5246,최예연
5247,공영현
5248,전예윤
5249,엄간긴
5250,전은원
5251,김연석
5252,박혜연
5253,차원모
5254,김지연
5255,박형시
5256,장연안
5257,김승훙
5258,김도진
5259,강동숭
5260,임유우
5261,손수성
5262,유세영
5263,전형긴
5264,최소진
5265,박운천
5266,이지신
5267,최혜현
5268,권호은
5269,장주원
5270,배세연
5271,이신균
5272,이가원
5273,유성민
5274,송시윤
5275,김성연
5276,강현준
5277,최주균
5278,김도빈
5279,김정거
5280,서소경
5281,김준희
5282,김서윤
5283,김원찬
5284,정주은
5285,심동영
5286,진지우
5287,박정현
5288,김서선
5289,민민현
5290,모수솔
5291,김연서
5292,최주라
5293,김관영
5294,김재연
5295,김상지
5296,박저윤
5297,유벙타
5298,김예수
5299,김지태
5300,윤서주
5301,문왕우
5302,안태빈
5303,김성회
5304,정희진
5305,이승환
5306,이수빈
5307,이진철
5308,이연나
5309,조연수
5310,정나은
5311,권성한
5312,김성저
5313,김유군
5314,유해인
5315,송대성
5316,김주원
5317,조민한
5318,하은빈
5319,박승호
5320,황소현
5321,정경호
5322,이서희
5323,윤한재
5324,안지지
5325,여몽성
5326,이현나
5327,이영헌
5328,윤다나
5329,이호훈
5330,김가소
5331,여우호
5332,김주서
5333,김진후
5334,윤송서
5335,주이신
5336,문은현
5337,장예원
5338,정예연
5339,최태성
5340,이소안
5341,최요지
5342,박민저
5343,정승민
5344,하지경
5345,김상사
5346,심나윤
5347,전동현
5348,이도지
5349,안시진
5350,손지진
5351,오성우
5352,최하현
5353,홍승영
5354,김지연
5355,김경호
5356,신현아
5357,김상훈
5358,김성서
5359,김응희
5360,강혜현
5361,황준석
5362,이혜현
5363,김정운
5364,고서원
5365,정문하
5366,정자희
5367,조종주
5368,김희연
5369,정성표
5370,송은연
5371,홍조원
5372,허지희
5373,이경현
5374,변예린
5375,유성권
5376,오아윤
5377,김도삭
5378,김세현
5379,박영우
5380,박서주
5381,이진호
5382,이아나
5383,장재신
5384,박유연
5385,권청민
5386,신주영
5387,정태용
5388,장수연
5389,최항후
5390,김유영
5391,조주현
5392,배지현
5393,이태준
5394,서서은
5395,이주현
5396,정은서
5397,신도연
5398,김은린
5399,이진선
5400,최서연
5401,박민균
5402,배보송
5403,이호민
5404,박성주
5405,유항혼
5406,양승저
5407,류민성
5408,여혜영
5409,최석응
5410,정서민
5411,임상균
5412,박가린
5413,박이현
5414,한보홍
5415,손면민
5416,김도아
5417,정혼후
5418,김유주
5419,고태희
5420,이소은
5421,변성상
5422,이유윤
5423,김이형
5424,김주은
5425,곽연선
5426,김유서
5427,양주영
5428,조현연
5429,정재영
5430,임수연
5431,강민현
5432,이서양
5433,이영형
5434,한다혜
5435,이요연
5436,한소진
5437,박규성
5438,곽다하
5439,오동운
5440,이수윤
5441,최성소
5442,김규안
5443,채민후
5444,이시경
5445,정재소
5446,유예현
5447,신경현
5448,조예경
5449,전정운
5450,김혜인
5451,김숭주
5452,김소현
5453,김동석
5454,김주민
5455,엄겅빈
5456,조미저
5457,정동유
5458,권희현
5459,오형민
5460,류유경
5461,홍도연
5462,김주희
5463,노진문
5464,최민진
5465,오재오
5466,진유현
5467,조재전
5468,김윤하
5469,조재운
5470,정유영
5471,유경린
5472,신지영
5473,권현원
5474,신가진
5475,오제환
5476,진주림
5477,조주연
5478,전혜연
5479,박재찬
5480,서초원
5481,김상근
5482,황수연
5483,백벙서
5484,이보경
5485,노재호
5486,지소연
5487,김동청
5488,이여진
5489,이용호
5490,설슨윤
5491,장종재
5492,박도연
5493,이예현
5494,유유예
5495,유성석
5496,이지수
5497,정강훈
5498,임수현
5499,이응현
5500,민시현
5501,문찬호
5502,황응른
5503,조영지
5504,이윤은
5505,김춘재
5506,오민주
5507,조승호
5508,이소원
5509,손운운
5510,김수진
5511,구용윤
5512,장지항
5513,조주철
5514,허세연
5515,서진희
5516,이의은
5517,이병균
5518,정수빈
5519,유경준
5520,고나성
5521,김간준
5522,안나은
5523,박재혁
5524,김서호
5525,심긴연
5526,김최은
5527,선승석
5528,주나현
5529,강형수
5530,강민주
5531,권예호
5532,최혜지
5533,김운규
5534,이세진
5535,배성현
5536,김도빈
5537,정규거
5538,변현아
5539,양승한
5540,홍슨연
5541,윤우주
5542,김성인
5543,김경영
5544,오유채
5545,김횽희
5546,김하서
5547,전원태
5548,이지인
5549,김상수
5550,오세람
5551,신면산
5552,김시은
5553,김승순
5554,송주채
5555,김유운
5556,안은연
5557,이태환
5558,박의서
5559,김민빈
5560,천주린
5561,이운주
5562,김민지
5563,공인호
5564,오서윤
5565,전전재
5566,신형안
5567,백창후
5568,문예주
5569,이정현
5570,정채경
5571,정창우
5572,심세주
5573,이형권
5574,강주한
5575,김휘수
5576,김민은
5577,이동성
5578,손태지
5579,김형준
5580,장새서
5581,정래눈
5582,박유민
5583,오태민
5584,김가지
5585,백원호
5586,김가윤
5587,이영현
5588,이다은
5589,고응태
5590,이수원
5591,김재준
5592,최지나
5593,박재태
5594,황지진
5595,정대호
5596,조지라
5597,김인호
5598,이세연
5599,박상수
5600,김연경
5601,이현욱
5602,김연서
5603,곽상현
5604,최서주
5605,박형주
5606,정다연
5607,안굥항
5608,김주아
5609,김진현
5610,안저경
5611,임진운
5612,이시전
5613,박태태
5614,장소림
5615,이윤영
5616,정연선
5617,김진호
5618,곽다현
5619,김현우
5620,남지은
5621,장용훈
5622,장의원
5623,박진삭
5624,정수지
5625,홍윤웅
5626,여초겅
5627,염이후
5628,지효연
5629,조현태
5630,박세주
5631,박진유
5632,김세희
5633,고지준
5634,이저현
5635,김재서
5636,김유진
5637,양도빈
5638,황다겅
5639,이성환
5640,노다빈
5641,정성성
5642,전민연
5643,윤도환
5644,김예령
5645,염정규
5646,우유림
5647,윤경학
5648,유혜원
5649,박장석
5650,강하현
5651,김경련
5652,이승혜
5653,김명성
5654,이연윤
5655,박동철
5656,정현연
5657,백상선
5658,안소빈
5659,방진승
5660,최지연
5661,김회도
5662,홍승희
5663,박군수
5664,최지린
5665,전준배
5666,이은원
5667,김주배
5668,박예서
5669,김현한
5670,조지지
5671,이재우
5672,임혜연
5673,최성주
5674,남수인
5675,송재유
5676,장지원
5677,박지현
5678,박유진
5679,정기영
5680,정혜른
5681,이용태
5682,정은현
5683,조정연
5684,정주진
5685,백정상
5686,이주희
5687,박지연
5688,이채지
5689,김겨균
5690,최미진
5691,도현준
5692,정미은
5693,박동완
5694,유지연
5695,김겅석
5696,양유아
5697,이형태
5698,이수솔
5699,문성환
5700,조슨하
5701,김진역
5702,신보희
5703,이진한
5704,신지지
5705,문동현
5706,한현지
5707,박승준
5708,김다선
5709,전영유
5710,김연연
5711,김요규
5712,강유원
5713,장재균
5714,최서희
5715,한태연
5716,김서연
5717,강주이
5718,공다원
5719,김진경
5720,김소연
5721,임정원
5722,전유수
5723,송재인
5724,김예연
5725,신성규
5726,송유윤
5727,이민균
5728,백태수
5729,송종현
5730,김수안
5731,조지황
5732,정다윤
5733,전세훈
5734,이지영
5735,김예원
5736,조민연
5737,최지연
5738,강시주
5739,정지현
5740,이서연
5741,이주호
5742,박민원
5743,김청규
5744,조소연
5745,이지현
5746,이민현
5747,김신형
5748,박고연
5749,이준인
5750,조민민
5751,박경긴
5752,김지진
5753,홍한천
5754,홍지서
5755,김창민
5756,김혜다
5757,장응현
5758,김유연
5759,김동후
5760,이유준
5761,이광연
5762,임소저
5763,고다현
5764,이아희
5765,이진민
5766,지소린
5767,박지송
5768,한도경
5769,박기훈
5770,조초민
5771,차재운
5772,이다경
5773,이주성
5774,김의연
5775,최응원
5776,조저아
5777,김민구
5778,원서현
5779,임태교
5780,권나혜
5781,김승환
5782,김슨나
5783,김경준
5784,김수희
5785,윤긍우
5786,김근양
5787,김영진
5788,이지연
5789,이찬성
5790,성지윤
5791,윤서원
5792,김서서
5793,김경긴
5794,오서전
5795,이지순
5796,서지서
5797,이필숙
5798,이서연
5799,문승빈
5800,이예원
5801,정세우
5802,주현윤
5803,김이원
5804,박다윤
5805,정위석
5806,선지연
5807,이영석
5808,양유현
5809,김경현
5810,탁은진
5811,김민운
5812,홍지민
5813,김겅후
5814,김지빈
5815,류예환
5816,이하린
5817,황찬운
5818,박이영
5819,김광규
5820,김주서
5821,이앙속
5822,유다이
5823,양인수
5824,조은진
5825,채태호
5826,박지진
5827,소진유
5828,김무현
5829,나항순
5830,황수은
5831,강강준
5832,이지진
5833,황성후
5834,윤윤원
5835,서규원
5836,정소신
5837,이봉석
5838,장서원
5839,양재호
5840,류저현
5841,이겅도
5842,신은영
5843,최세연
5844,이시서
5845,신호우
5846,홍유인
5847,정몽영
5848,윤혜연
5849,김유간
5850,문서현
5851,이진성
5852,문윤서
5853,김민준
5854,성의린
5855,김시덕
5856,김승현
5857,김정재
5858,유지경
5859,도권훈
5860,서진연
5861,이이원
5862,윤세진
5863,이원현
5864,남유현
5865,김전철
5866,심예은
5867,이대우
5868,박태은
5869,안상빈
5870,이지서
5871,김주후
5872,최의현
5873,김민훈
5874,박민주
5875,김형한
5876,최수희
5877,이창우
5878,김민진
5879,권준탁
5880,이민민
5881,송성허
5882,장서빈
5883,공현연
5884,최서원
5885,이태원
5886,이윤연
5887,배장보
5888,정서은
5889,안교찬
5890,김시인
5891,최홍우
5892,이유윤
5893,유재가
5894,조근민
5895,심연혼
5896,서다민
5897,이세엽
5898,황최현
5899,양견운
5900,정예주
5901,최창진
5902,이수은
5903,박성재
5904,유시운
5905,이운현
5906,유진현
5907,방승준
5908,김예인
5909,서동혁
5910,박태주
5911,강민민
5912,정혜원
5913,김윤환
5914,정현지
5915,김제호
5916,강하은
5917,이호석
5918,조아선
5919,이두도
5920,최수채
5921,김전운
5922,강지우
5923,최진철
5924,엄지진
5925,장병규
5926,문하주
5927,황성훈
5928,김원현
5929,김지빈
5930,유희서
5931,김영연
5932,조민연
5933,이현진
5934,심혜연
5935,김중호
5936,도민빈
5937,이병리
5938,최유서
5939,이성영
5940,최서연
5941,김형준
5942,최연원
5943,박주태
5944,전유라
5945,강민성
5946,임가연
5947,김재호
5948,배예진
5949,하지범
5950,이다한
5951,문동준
5952,홍혜지
5953,남장균
5954,김유현
5955,조태우
5956,유지아
5957,백우우
5958,이소은
5959,서제릴
5960,문호서
5961,이진휘
5962,신연효
5963,남운형
5964,김주아
5965,조민석
5966,강세예
5967,김동호
5968,조서경
5969,김정진
5970,최다연
5971,배상영
5972,박다빈
5973,표긴호
5974,김예민
5975,임성린
5976,김유민
5977,윤나현
5978,조혀영
5979,김현현
5980,박은민
5981,김명운
5982,김예저
5983,정성조
5984,이미민
5985,정승현
5986,이지정
5987,이성훅
5988,이서린
5989,권규우
5990,김태라
5991,김희타
5992,김미현
5993,곽태삭
5994,이지안
5995,현정주
5996,이민영
5997,조수형
5998,이주원
5999,권숭인
6000,이효현
6001,김재성
6002,유민은
6003,조동연
6004,김호지
6005,김태연
6006,정은은
6007,황지준
6008,윤보린
6009,한동훈
6010,오소진
6011,위송숙
6012,박아연
6013,오태희
6014,조예원
6015,선민석
6016,김초원
6017,유정도
6018,서도연
6019,조준재
6020,정서선
6021,최전래
6022,황서연
6023,백현연
6024,김수연
6025,김전인
6026,조연현
6027,이하진
6028,최지지
6029,최형근
6030,이지원
6031,이준순
6032,유다린
6033,전주현
6034,염지윤
6035,최성성
6036,황미영
6037,정재진
6038,박저현
6039,이민수
6040,김다지
6041,배한현
6042,김서주
6043,김연현
6044,이재경
6045,김원준
6046,최예빈
6047,장준혼
6048,진희은
6049,양지우
6050,오혜민
6051,김형형
6052,김민연
6053,정겅채
6054,유민지
6055,박사후
6056,박예현
6057,박의사
6058,하예주
6059,김준준
6060,조아경
6061,이낭태
6062,김저연
6063,민주준
6064,장무진
6065,남태성
6066,표혜서
6067,이종호
6068,오수은
6069,진성빈
6070,김윤서
6071,천용영
6072,김혜현
6073,김굥근
6074,이소혜
6075,김진재
6076,이민민
6077,권전현
6078,이수아
6079,김겅재
6080,정나원
6081,구봉규
6082,안호민
6083,황동표
6084,임예연
6085,박진연
6086,김민민
6087,민성호
6088,정지희
6089,김동빈
6090,이하인
6091,김진형
6092,이아은
6093,박홍민
6094,임다진
6095,홍재화
6096,박은시
6097,정재우
6098,김재주
6099,박승현
6100,김민운
6101,박민찬
6102,이다윤
6103,이인호
6104,손혜원
6105,김민견
6106,오나연
6107,홍준승
6108,황성연
6109,최히재
6110,조예연
6111,김창우
6112,임현연
6113,김효빈
6114,권저진
6115,김세원
6116,송민서
6117,김창숭
6118,서지연
6119,이성희
6120,문유희
6121,윤상환
6122,신시현
6123,김동상
6124,이승은
6125,이한존
6126,장여연
6127,김상환
6128,이민연
6129,이조민
6130,강세원
6131,김태우
6132,김서희
6133,하형원
6134,이채은
6135,제재현
6136,김나희
6137,방동수
6138,이희현
6139,이형호
6140,김시인
6141,이강민
6142,장지연
6143,김조준
6144,조예민
6145,이태이
6146,김예빈
6147,최조석
6148,나유연
6149,이창희
6150,김은민
6151,최창규
6152,강리연
6153,조형현
6154,장혜혜
6155,이지현
6156,문정인
6157,권정연
6158,이홍연
6159,이도준
6160,이유나
6161,최주호
6162,김수혜
6163,오긴환
6164,하나은
6165,홍수운
6166,정지진
6167,배새긴
6168,김다연
6169,정조역
6170,윤보진
6171,김헝조
6172,연신현
6173,조병요
6174,윤서경
6175,최태준
6176,이예희
6177,여벙근
6178,박유윤
6179,노연민
6180,전수원
6181,길제준
6182,김유주
6183,위정대
6184,이채나
6185,연홍서
6186,김성혜
6187,이재석
6188,이아현
6189,박중민
6190,윤민아
6191,배재진
6192,정하현
6193,이긍숭
6194,금미민
6195,김영형
6196,황지연
6197,나성태
6198,최민우
6199,지태현
6200,이채현
6201,이무성
6202,김어연
6203,이경주
6204,강다빈
6205,추강헌
6206,박유연
6207,이진민
6208,김수빈
6209,이동석
6210,양세연
6211,박왕인
6212,최소현
6213,장인우
6214,김재은
6215,김주근
6216,박세민
6217,이승수
6218,윤승은
6219,김영한
6220,이서연
6221,장면후
6222,이다서
6223,이현성
6224,전다선
6225,김겅연
6226,최의지
6227,윤동석
6228,이시연
6229,박상운
6230,김의서
6231,최한운
6232,최예원
6233,주동호
6234,김지빈
6235,최지준
6236,엄저아
6237,김지운
6238,송지윤
6239,이진원
6240,김주희
6241,안철연
6242,주지린
6243,양상근
6244,이다운
6245,박상진
6246,이소희
6247,박진면
6248,김희빈
6249,김성현
6250,서시연
6251,정창인
6252,장자원
6253,우우원
6254,문소경
6255,신인헌
6256,최유원
6257,이연준
6258,김지시
6259,박찬석
6260,장수연
6261,배문해
6262,이유안
6263,이주석
6264,이예혜
6265,성유년
6266,이아은
6267,나영민
6268,정세연
6269,남산환
6270,조소은
6271,최종운
6272,김유인
6273,김동호
6274,백보우
6275,김유지
6276,주시현
6277,김종윤
6278,김저현
6279,김형혹
6280,김예진
6281,김운성
6282,안수영
6283,이성현
6284,송시희
6285,김상성
6286,민연연
6287,이연규
6288,임시저
6289,고홍준
6290,박혜현
6291,박상삭
6292,최소은
6293,김희호
6294,이서은
6295,이동운
6296,이서희
6297,배진우
6298,신연은
6299,박도운
6300,배민현
6301,서호현
6302,홍수연
6303,송효현
6304,김은현
6305,엄운순
6306,탁소연
6307,이주성
6308,박채은
6309,김선조
6310,박혜진
6311,김형주
6312,신세나
6313,이진호
6314,박보라
6315,양도준
6316,박채희
6317,박성연
6318,김은진
6319,박주연
6320,이슨나
6321,권산카
6322,조연은
6323,정벙호
6324,박수윤
6325,추요연
6326,오미빈
6327,조성민
6328,민미주
6329,이홍후
6330,신수윤
6331,김승긴
6332,하혜연
6333,김혜형
6334,이민은
6335,조민호
6336,박세나
6337,박재조
6338,위지현
6339,송재호
6340,김윤은
6341,최승연
6342,김다인
6343,이광재
6344,이현은
6345,정종성
6346,박소민
6347,김진엉
6348,양승아
6349,김세이
6350,최서원
6351,한현용
6352,김지나
6353,윤예운
6354,김소연
6355,구준환
6356,이소림
6357,이준준
6358,김희원
6359,김승민
6360,김태원
6361,이민견
6362,김소린
6363,이부현
6364,박소연
6365,박해후
6366,권연은
6367,권재혹
6368,임수현
6369,김지찬
6370,임서연
6371,서항수
6372,정지예
6373,오현욱
6374,김소윤
6375,이민찬
6376,구미연
6377,장승일
6378,강이서
6379,김항균
6380,남수경
6381,박영현
6382,송민나
6383,박창선
6384,박민서
6385,최균균
6386,주주현
6387,김성우
6388,이지안
6389,신예연
6390,이서윤
6391,김진윤
6392,문수서
6393,나지김
6394,이현경
6395,김선엽
6396,김소화
6397,임강도
6398,김주은
6399,손현환
6400,이채진
6401,송우번
6402,이혜연
6403,우원영
6404,김사우
6405,황도인
6406,김예우
6407,오부운
6408,김여리
6409,정재원
6410,임민라
6411,방준형
6412,김서희
6413,한현균
6414,손지은
6415,김주환
6416,김윤빈
6417,윤병빈
6418,김규하
6419,김병훈
6420,김슨원
6421,강재번
6422,윤긍서
6423,최형주
6424,손소은
6425,이민원
6426,신민주
6427,구희연
6428,김지주
6429,문명호
6430,송지하
6431,김병연
6432,김미원
6433,김동훈
6434,김윤민
6435,김나력
6436,송지연
6437,최형석
6438,한수재
6439,이형준
6440,오태린
6441,김기운
6442,박서은
6443,이승형
6444,윤의민
6445,마용유
6446,장희연
6447,조동섭
6448,강수란
6449,양겅호
6450,서하연
6451,양태승
6452,한성민
6453,정권규
6454,김유빈
6455,김상태
6456,장은운
6457,박창호
6458,김봉빈
6459,남남환
6460,홍혜연
6461,김준긴
6462,석민주
6463,윤창형
6464,최사진
6465,김상원
6466,황다현
6467,엄면한
6468,이지주
6469,정원환
6470,강윤연
6471,김조태
6472,이수연
6473,하종현
6474,이예원
6475,정영형
6476,이유현
6477,이현준
6478,김나경
6479,김운석
6480,김혜아
6481,박대모
6482,장고선
6483,김진한
6484,도윤원
6485,김긴환
6486,정세연
6487,한숭우
6488,이지지
6489,강승진
6490,박가민
6491,윤현헌
6492,김서늘
6493,박준호
6494,서유현
6495,정윤운
6496,이다빈
6497,김우천
6498,유소연
6499,김정래
6500,이미은
6501,박진제
6502,하서연
6503,길운연
6504,최시은
6505,김찬민
6506,박주연
6507,함준교
6508,김유진
6509,김동력
6510,하가현
6511,박성찬
6512,송연연
6513,석상원
6514,강해민
6515,이규규
6516,박유나
6517,윤준훈
6518,노주윤
6519,이상권
6520,박유지
6521,양동후
6522,이소민
6523,염준현
6524,윤규준
6525,이정재
6526,유은인
6527,신승관
6528,이가원
6529,최세성
6530,장예윤
6531,강형태
6532,남민영
6533,백청우
6534,강현혜
6535,신동한
6536,박지연
6537,김승효
6538,송아연
6539,윤겅관
6540,한초우
6541,최경형
6542,김민인
6543,김성진
6544,정서현
6545,권연린
6546,이수민
6547,김종성
6548,전승진
6549,이중재
6550,고현주
6551,박재재
6552,강소원
6553,권균운
6554,성혜원
6555,김정준
6556,김서윤
6557,유긍견
6558,김수영
6559,오진우
6560,정현민
6561,권동원
6562,백지희
6563,곽잔준
6564,방수원
6565,서세현
6566,김유연
6567,김재연
6568,백사원
6569,김준민
6570,박수저
6571,김홍규
6572,김지영
6573,유태준
6574,정유민
6575,문전환
6576,이현빈
6577,임효현
6578,나수연
6579,정친연
6580,전소진
6581,김창원
6582,김미재
6583,변성우
6584,권하양
6585,김민빈
6586,김지현
6587,이주후
6588,윤서지
6589,이태유
6590,도민민
6591,강성운
6592,박하은
6593,김성간
6594,안주은
6595,홍사완
6596,나예은
6597,김경운
6598,김세진
6599,이성승
6600,이서은
6601,이성용
6602,강서지
6603,박태현
6604,안서빈
6605,권동연
6606,백근원
6607,배긍숙
6608,장은지
6609,임주규
6610,김시민
6611,곽준현
6612,백근현
6613,송창빈
6614,이소윤
6615,강성섭
6616,강세진
6617,이홍현
6618,이민원
6619,정홍구
6620,전지연
6621,조정준
6622,김의민
6623,윤성훈
6624,김서경
6625,문민진
6626,이유윤
6627,공진인
6628,조해현
6629,강호찬
6630,임지지
6631,홍재호
6632,기주서
6633,김지휘
6634,김유은
6635,김겅준
6636,이유연
6637,문용사
6638,천예은
6639,노재성
6640,김미혜
6641,장동구
6642,한현은
6643,신재석
6644,이다진
6645,송준연
6646,권유연
6647,이병연
6648,박유소
6649,이현진
6650,박현나
6651,오하기
6652,최하화
6653,김승민
6654,천규주
6655,유상호
6656,정승은
6657,이준연
6658,홍지나
6659,차동원
6660,오초혜
6661,이현형
6662,김유주
6663,한진현
6664,소수진
6665,노도운
6666,강유경
6667,유현수
6668,김수민
6669,허수주
6670,권유원
6671,박현모
6672,김희현
6673,김민선
6674,이서윤
6675,박요운
6676,김유현
6677,곽상준
6678,김민민
6679,이사윤
6680,강민희
6681,김정석
6682,문혜영
6683,이성승
6684,정서비
6685,백경민
6686,한태현
6687,홍영상
6688,이현안
6689,백진형
6690,윤윤윤
6691,안창재
6692,석초주
6693,김세현
6694,이사원
6695,이형훈
6696,이신지
6697,이지형
6698,김채원
6699,이세수
6700,허채은
6701,윤태준
6702,심시빈
6703,김면수
6704,강혜지
6705,우덩준
6706,최시린
6707,배제진
6708,박지연
6709,안성수
6710,이소은
6711,배창준
6712,김혜원
6713,유청진
6714,최세효
6715,안항희
6716,전연현
6717,송명진
6718,김희우
6719,김찬우
6720,김지연
6721,민형민
6722,이연주
6723,문성현
6724,김주연
6725,정간근
6726,김하주
6727,유지운
6728,오다원
6729,서견진
6730,김수연
6731,서응숭
6732,유은저
6733,권장요
6734,윤주영
6735,김재호
6736,김연연
6737,박홍건
6738,박연영
6739,김경선
6740,임유연
6741,김상우
6742,진혜소
6743,추민운
6744,김보라
6745,김항현
6746,박은인
6747,김전후
6748,성소은
6749,윤수필
6750,윤채경
6751,양성혼
6752,최민진
6753,신면준
6754,한사서
6755,김상운
6756,김지혜
6757,백영재
6758,박서현
6759,박세역
6760,고소연
6761,김진호
6762,윤민솔
6763,이유역
6764,임은다
6765,임련현
6766,황수진
6767,김동형
6768,임소긴
6769,조영성
6770,윤원윤
6771,정숭한
6772,허유은
6773,배연우
6774,이예인
6775,이응재
6776,곽민인
6777,정환보
6778,박현현
6779,김성진
6780,이유연
6781,함응원
6782,심지주
6783,문조요
6784,유소연
6785,인시운
6786,김수민
6787,이종석
6788,신은현
6789,김승민
6790,임희경
6791,윤승원
6792,조소진
6793,김태현
6794,홍정희
6795,조민우
6796,허미은
6797,이현원
6798,임서저
6799,박추완
6800,이규민
6801,양정원
6802,윤아선
6803,이민환
6804,박서은
6805,김덕인
6806,고현연
6807,김의우
6808,박소은
6809,주종혼
6810,허나연
6811,윤동수
6812,이유현
6813,신준한
6814,양승진
6815,김태현
6816,라유하
6817,임홍조
6818,채예연
6819,이규준
6820,신예윤
6821,주성주
6822,박수연
6823,최균욱
6824,김성혜
6825,최주영
6826,김민서
6827,윤재현
6828,장예주
6829,박광우
6830,김가지
6831,이승원
6832,최혜연
6833,박동윤
6834,송보늘
6835,최형후
6836,김희주
6837,손형혁
6838,장수하
6839,김세석
6840,김서린
6841,안승전
6842,석지안
6843,류현호
6844,김채현
6845,이성한
6846,장희원
6847,박혁범
6848,이유원
6849,박경윤
6850,강시민
6851,최건주
6852,박승원
6853,조봉욱
6854,최세지
6855,이해준
6856,이나안
6857,함재래
6858,선다원
6859,김원준
6860,차주연
6861,조진규
6862,김수민
6863,박예훈
6864,황가원
6865,정태연
6866,박세진
6867,유종유
6868,김수현
6869,박창현
6870,김예은
6871,전승현
6872,김유혜
6873,박경원
6874,김소운
6875,강민현
6876,유희연
6877,김태진
6878,박주나
6879,최벙윤
6880,이저린
6881,김상승
6882,박가빈
6883,백성주
6884,정재아
6885,김주구
6886,최미원
6887,양진독
6888,허채린
6889,남운환
6890,정어민
6891,김완현
6892,성주영
6893,신성원
6894,이예연
6895,나준훈
6896,김시민
6897,김병수
6898,한민연
6899,김면민
6900,안은서
6901,한승준
6902,이다연
6903,전승진
6904,정소빈
6905,문견규
6906,김저원
6907,조청석
6908,전수아
6909,황종신
6910,이시희
6911,김종훈
6912,방가연
6913,박형우
6914,엄보린
6915,전우한
6916,도서민
6917,김동횽
6918,박민은
6919,오주현
6920,김지저
6921,이민대
6922,김성영
6923,이현원
6924,박민진
6925,오성재
6926,김희은
6927,김창현
6928,윤재진
6929,김민민
6930,정소연
6931,황재규
6932,박연진
6933,조상식
6934,장다채
6935,이은운
6936,주리저
6937,최동현
6938,송지윤
6939,이벙호
6940,김근림
6941,황승우
6942,김예민
6943,김견호
6944,윤연주
6945,박찬성
6946,이연연
6947,이성우
6948,이희원
6949,권영선
6950,김승은
6951,문대연
6952,김주연
6953,김준숙
6954,김지영
6955,김승지
6956,이아민
6957,박수호
6958,손가서
6959,최동번
6960,배지지
6961,우찬석
6962,장지빈
6963,정동규
6964,이가연
6965,김동진
6966,인서영
6967,김민시
6968,이하경
6969,배진현
6970,박예주
6971,이영문
6972,홍보저
6973,신인준
6974,이초연
6975,김승천
6976,정다아
6977,이준긴
6978,진예연
6979,김왕연
6980,이유연
6981,이진격
6982,주저연
6983,백희찬
6984,김예연
6985,유균운
6986,조유현
6987,한중희
6988,백혜진
6989,강원민
6990,박연주
6991,나동석
6992,김주서
6993,조동민
6994,김태주
6995,조재태
6996,김채연
6997,전진준
6998,선미주
6999,정지준
7000,정유서
7001,여조진
7002,윤유나
7003,양용연
7004,최지윤
7005,박준걱
7006,노서지
7007,이동호
7008,박최은
7009,김상성
7010,정다민
7011,강태용
7012,이태지
7013,박원현
7014,김예진
7015,최도수
7016,송효민
7017,박승규
7018,오지현
7019,신주희
7020,임하희
7021,이훈신
7022,양아현
7023,강상성
7024,이혜저
7025,장성희
7026,김채원
7027,신정환
7028,김다연
7029,이동순
7030,김지도
7031,김재천
7032,김지은
7033,박태헝
7034,민지은
7035,이강준
7036,홍근안
7037,박상진
7038,김애희
7039,정선동
7040,이호윤
7041,한재완
7042,조승연
7043,강영재
7044,박은현
7045,이벙준
7046,엄시지
7047,서민웅
7048,송처원
7049,김재훈
7050,윤서진
7051,홍경찬
7052,김은희
7053,정남석
7054,조다진
7055,김영환
7056,정서연
7057,김민태
7058,변태혜
7059,김동원
7060,오민연
7061,김승준
7062,최유린
7063,이제누
7064,강나희
7065,서재훈
7066,이수린
7067,이민연
7068,안유현
7069,이재영
7070,김민은
7071,장수헝
7072,강미희
7073,김창연
7074,이민영
7075,최준운
7076,송채경
7077,황경호
7078,박민연
7079,배세유
7080,정지서
7081,이성균
7082,안재진
7083,고선주
7084,송보저
7085,윤태헌
7086,이효은
7087,이주훈
7088,오예저
7089,박태건
7090,지혜린
7091,이대도
7092,이현연
7093,장항원
7094,염의주
7095,주형성
7096,강예라
7097,소윤후
7098,박혜영
7099,김인인
7100,국서다
7101,최종규
7102,김서원
7103,백군인
7104,윤조경
7105,김재면
7106,윤혜이
7107,고긴현
7108,이태서
7109,이신용
7110,안주인
7111,김한민
7112,정은연
7113,신긍우
7114,최수민
7115,이준랑
7116,주수수
7117,유지준
7118,정미경
7119,최성운
7120,박태연
7121,안재현
7122,최민은
7123,한숭헌
7124,최승연
7125,조영연
7126,고유나
7127,김홍준
7128,이세주
7129,박주태
7130,이지민
7131,김성문
7132,주주은
7133,백현호
7134,김소윤
7135,박전태
7136,김연영
7137,민혼준
7138,임유은
7139,신재영
7140,손가주
7141,김윤현
7142,손어빈
7143,이신준
7144,서소호
7145,김정민
7146,송서원
7147,장재성
7148,이소경
7149,나성숙
7150,이세빈
7151,최현민
7152,손민주
7153,주재횽
7154,박보현
7155,이원윤
7156,김혜연
7157,임긍빈
7158,김유현
7159,정태우
7160,양다솔
7161,최원주
7162,장수원
7163,오홍늠
7164,유민윤
7165,김진연
7166,전유도
7167,김종빈
7168,이수희
7169,주재현
7170,김수은
7171,김건원
7172,이예진
7173,서호환
7174,유희연
7175,심민운
7176,주민아
7177,유한선
7178,소은안
7179,장재태
7180,최은연
7181,이겅현
7182,임수연
7183,최창우
7184,고지연
7185,전민형
7186,박저은
7187,이민전
7188,김원연
7189,이시래
7190,전가현
7191,김인권
7192,황예진
7193,김운빈
7194,최유연
7195,안종철
7196,김윤경
7197,박균석
7198,임아희
7199,강진민
7200,이성현
7201,정진환
7202,강소빈
7203,민경식
7204,강유예
7205,김규한
7206,문예원
7207,노영연
7208,김채정
7209,김진헌
7210,이초진
7211,한강원
7212,이연나
7213,배현성
7214,박지빈
7215,김민균
7216,이진진
7217,김상인
7218,박지주
7219,박윤연
7220,이유수
7221,정지현
7222,장지빈
7223,나제재
7224,최은은
7225,최동석
7226,김저연
7227,김겅석
7228,임의원
7229,정재완
7230,권나은
7231,성형호
7232,최아저
7233,강동혼
7234,정유윤
7235,유예호
7236,최유윤
7237,이재욱
7238,김예윤
7239,심장환
7240,김예주
7241,윤희현
7242,우미민
7243,노응민
7244,장서은
7245,나종성
7246,박지현
7247,장승우
7248,김연주
7249,윤준규
7250,이하연
7251,허성전
7252,김저민
7253,김지현
7254,김다연
7255,심성현
7256,김의주
7257,박병환
7258,황여빈
7259,고유수
7260,김지진
7261,윤태민
7262,최윤리
7263,안태시
7264,이가연
7265,김연후
7266,김민경
7267,이남형
7268,이견수
7269,최성민
7270,양해진
7271,최당숙
7272,박유윤
7273,서동권
7274,김가연
7275,김재몬
7276,정유연
7277,백민현
7278,윤채윤
7279,최지순
7280,정주민
7281,정인거
7282,임수연
7283,이상현
7284,장주하
7285,권성견
7286,백소은
7287,양긍현
7288,남승연
7289,한승도
7290,전연서
7291,유준빈
7292,윤민원
7293,이인요
7294,박승린
7295,김찬인
7296,반유수
7297,양선찬
7298,신은연
7299,임형수
7300,김민진
7301,박문진
7302,하민연
7303,이형준
7304,이지지
7305,이상존
7306,최채연
7307,황원완
7308,최지연
7309,김세수
7310,박혀은
7311,최승성
7312,김나정
7313,유민후
7314,박예경
7315,추명현
7316,최가늘
7317,김상산
7318,정서원
7319,이상인
7320,박가빈
7321,유정석
7322,김수진
7323,박찬범
7324,조지린
7325,문형현
7326,김효현
7327,이영순
7328,조도현
7329,박재현
7330,김채연
7331,이재웅
7332,유예저
7333,김민운
7334,이다연
7335,강진긴
7336,이차주
7337,정민석
7338,박슨정
7339,이성우
7340,이민민
7341,박인황
7342,우수빈
7343,장상호
7344,우주연
7345,이광민
7346,이지희
7347,박성진
7348,김저원
7349,정진사
7350,이혜연
7351,정준후
7352,우태연
7353,유상기
7354,홍세희
7355,홍지웅
7356,박주연
7357,류홍호
7358,서이희
7359,지면태
7360,장휘저
7361,이진혁
7362,김지영
7363,김홍환
7364,오저연
7365,이창영
7366,이수주
7367,박승민
7368,강지연
7369,유승현
7370,김유나
7371,김웅관
7372,윤은서
7373,윤상현
7374,홍사영
7375,김태영
7376,오소연
7377,천항준
7378,유지주
7379,정성민
7380,한혜연
7381,이재준
7382,지채연
7383,김재지
7384,길서연
7385,이동석
7386,한희원
7387,조동성
7388,이시윤
7389,이군석
7390,이민전
7391,윤한웅
7392,인지은
7393,최승근
7394,오수재
7395,한주걱
7396,조윤진
7397,강재원
7398,손재빈
7399,안종연
7400,윤수연
7401,김진표
7402,안태희
7403,이잔민
7404,백승진
7405,이민석
7406,우가정
7407,이승성
7408,손도빈
7409,정성도
7410,정나라
7411,정견형
7412,정여연
7413,허지현
7414,김하저
7415,정진영
7416,김다선
7417,한성준
7418,강서원
7419,신긴수
7420,김유연
7421,이민연
7422,한지정
7423,박형수
7424,권지연
7425,문준현
7426,백소주
7427,김현현
7428,노서원
7429,최준환
7430,이수연
7431,이수훈
7432,이유은
7433,임이설
7434,박서진
7435,허벙준
7436,박서희
7437,변면성
7438,박서희
7439,이성재
7440,이민아
7441,박동표
7442,박어진
7443,정벙현
7444,김지민
7445,박정후
7446,최지원
7447,조긍사
7448,김서주
7449,문윤용
7450,김채나
7451,강균덕
7452,이성은
7453,전민원
7454,김슨다
7455,이주준
7456,신연희
7457,강정현
7458,이지빈
7459,임창타
7460,김태원
7461,최현소
7462,양은린
7463,박겅석
7464,박예현
7465,박동한
7466,하혜진
7467,한상후
7468,유은민
7469,설희수
7470,심형나
7471,김정한
7472,최민은
7473,김성윤
7474,노서린
7475,서조환
7476,박주은
7477,임왕현
7478,정하윤
7479,박민우
7480,김태연
7481,김호재
7482,박서현
7483,이성현
7484,백예연
7485,조성현
7486,김지연
7487,박호환
7488,문수윤
7489,고동섭
7490,정유현
7491,전찬현
7492,조시민
7493,김민현
7494,신수빈
7495,노상빈
7496,정주희
7497,유지주
7498,정소나
7499,남상피
7500,길조진
7501,문민석
7502,최소현
7503,임세한
7504,신지인
7505,진관숭
7506,박성원
7507,장승인
7508,강태수
7509,배지태
7510,함미주
7511,최영운
7512,이리연
7513,김재석
7514,하소영
7515,정동대
7516,최예연
7517,김정섭
7518,김지하
7519,홍영성
7520,한소서
7521,신동시
7522,이세은
7523,김중준
7524,김하라
7525,고희벅
7526,홍지라
7527,최민운
7528,윤지라
7529,최세인
7530,이은빈
7531,김윤석
7532,홍다민
7533,최동훈
7534,최예은
7535,오원희
7536,박세진
7537,이성민
7538,김민영
7539,진상민
7540,김성재
7541,김겅훈
7542,배보연
7543,이헌순
7544,서보지
7545,정민운
7546,문저민
7547,유주환
7548,오서연
7549,박상찬
7550,이서현
7551,김경영
7552,박희현
7553,한홍진
7554,김예은
7555,손필환
7556,현하진
7557,양진석
7558,신서윤
7559,이병제
7560,정혜린
7561,정준호
7562,김미인
7563,주태석
7564,이소원
7565,노윤홍
7566,박민은
7567,홍관수
7568,곽주주
7569,윤요석
7570,이서은
7571,오승현
7572,정민아
7573,이견규
7574,김소은
7575,정인우
7576,김승나
7577,장승태
7578,박시효
7579,손예석
7580,정예경
7581,이기현
7582,조하연
7583,이재석
7584,안지수
7585,조승재
7586,김혜연
7587,김견민
7588,김예영
7589,장용견
7590,유세빈
7591,황재빈
7592,박하진
7593,권현회
7594,이세린
7595,김응덩
7596,권지연
7597,위찬준
7598,고지진
7599,김상훈
7600,서현나
7601,황성현
7602,남아인
7603,박성준
7604,김예서
7605,김성준
7606,손서연
7607,전한한
7608,김소진
7609,강상태
7610,박유영
7611,김제환
7612,박예원
7613,원영석
7614,김서연
7615,최동호
7616,김아서
7617,임상청
7618,전지민
7619,정성세
7620,조유경
7621,박준현
7622,안유연
7623,김민운
7624,심예아
7625,신겅민
7626,이주진
7627,이세민
7628,정예지
7629,이규도
7630,박지린
7631,노인권
7632,윤미진
7633,김준긴
7634,강성은
7635,이대운
7636,최나연
7637,장유주
7638,이주연
7639,이종롤
7640,하시연
7641,변민운
7642,권이진
7643,나형재
7644,송현현
7645,박민찬
7646,허지지
7647,김윤운
7648,김은빈
7649,배형도
7650,백수지
7651,박주호
7652,이여민
7653,장성형
7654,이유민
7655,심동준
7656,이예은
7657,최연석
7658,김채현
7659,유동주
7660,홍다경
7661,이두연
7662,김서진
7663,오경우
7664,유민빈
7665,서장재
7666,노혜영
7667,조영우
7668,이최원
7669,박병호
7670,김하소
7671,김원민
7672,고민지
7673,김승태
7674,백이연
7675,박찬후
7676,전은원
7677,정성푱
7678,김유연
7679,김승찬
7680,박소효
7681,추태수
7682,김다연
7683,오중환
7684,김지은
7685,이홍조
7686,이은나
7687,오홍석
7688,고채현
7689,정문호
7690,정지저
7691,전정진
7692,김미현
7693,정상천
7694,조하지
7695,서주재
7696,김희경
7697,백연성
7698,한지은
7699,남승인
7700,이가주
7701,문응헌
7702,조최선
7703,천태현
7704,여희민
7705,민지엽
7706,김현진
7707,송면현
7708,서연민
7709,노재배
7710,윤유서
7711,장신구
7712,김수아
7713,최이재
7714,강서진
7715,정재표
7716,이서은
7717,변항균
7718,김민민
7719,임관규
7720,이유빈
7721,김병고
7722,이저지
7723,이면근
7724,김혜민
7725,나면준
7726,이지안
7727,이예주
7728,박지주
7729,전찬견
7730,김수원
7731,이준완
7732,전나경
7733,양이현
7734,정예진
7735,김수조
7736,김아진
7737,서민혼
7738,이지인
7739,탁동준
7740,김은희
7741,강현란
7742,안민연
7743,방형연
7744,박현현
7745,박성민
7746,임유라
7747,이동재
7748,진수경
7749,박군견
7750,정지은
7751,변원운
7752,곽정은
7753,이현현
7754,이시연
7755,이헌석
7756,고시진
7757,김봉연
7758,권서재
7759,이형석
7760,최민원
7761,이태후
7762,김승린
7763,손정관
7764,성지현
7765,김친쟁
7766,이유진
7767,하용재
7768,고저빈
7769,이정원
7770,기유민
7771,여정규
7772,윤안정
7773,조동호
7774,이채주
7775,장병수
7776,박주주
7777,신선호
7778,이주연
7779,강창규
7780,유세연
7781,신영산
7782,육서엉
7783,김도흔
7784,김시견
7785,김대혁
7786,옥서른
7787,최준주
7788,박유린
7789,이송민
7790,이채연
7791,황재도
7792,염승저
7793,김준현
7794,최지경
7795,조해언
7796,이유재
7797,조진환
7798,장채경
7799,서현우
7800,염소래
7801,권운희
7802,송유윤
7803,김호경
7804,신하인
7805,고동찬
7806,김도비
7807,정민석
7808,이호원
7809,배창의
7810,오지진
7811,김진관
7812,조보진
7813,신형주
7814,이다연
7815,김승운
7816,양유지
7817,최상동
7818,김주희
7819,이준균
7820,정보연
7821,최성요
7822,김저은
7823,노나정
7824,박수진
7825,양정언
7826,김지현
7827,박현현
7828,이서원
7829,곽오운
7830,김자란
7831,김찬운
7832,이다린
7833,이준성
7834,김사시
7835,이태태
7836,김지린
7837,정우호
7838,김혜윤
7839,김동사
7840,정수진
7841,조성찬
7842,김시연
7843,이규원
7844,송이진
7845,하동민
7846,양소영
7847,이준민
7848,옥도현
7849,김인훈
7850,박채우
7851,김민운
7852,김시진
7853,백정진
7854,함유빈
7855,임앙숙
7856,정나지
7857,조전훈
7858,윤유현
7859,김동진
7860,송이서
7861,정재훈
7862,최은영
7863,김상후
7864,김수현
7865,신준재
7866,최민진
7867,이성석
7868,한보은
7869,허세주
7870,민가연
7871,남병희
7872,박가운
7873,정나희
7874,임현선
7875,박성훈
7876,윤서은
7877,하성헉
7878,김희채
7879,이준원
7880,김연연
7881,박형호
7882,임민원
7883,김이숭
7884,김민리
7885,성지준
7886,최주윤
7887,서제환
7888,김소주
7889,이태근
7890,최소아
7891,양성연
7892,이예진
7893,임새성
7894,윤혜빈
7895,조승후
7896,이가주
7897,이승준
7898,홍미현
7899,엄창진
7900,임서진
7901,김이군
7902,조윤현
7903,이용현
7904,김다연
7905,김승준
7906,김저나
7907,유혜환
7908,이서현
7909,임지진
7910,이근란
7911,변상우
7912,장수연
7913,이호요
7914,정시경
7915,정전태
7916,문도지
7917,장준교
7918,한주현
7919,이벙호
7920,김민희
7921,조정민
7922,김주겅
7923,이규번
7924,나규진
7925,조동범
7926,강민빈
7927,이경한
7928,정도연
7929,이주찬
7930,박은현
7931,이형현
7932,김성연
7933,이운준
7934,엄서민
7935,편홍훈
7936,김세빈
7937,황재원
7938,이혜윤
7939,유현형
7940,김예영
7941,김태규
7942,박연인
7943,김왕빈
7944,이연현
7945,박항섭
7946,문성현
7947,전성우
7948,홍예인
7949,박민운
7950,임시윤
7951,정민현
7952,김예라
7953,한휘수
7954,곽지진
7955,유몽숭
7956,임소원
7957,구승현
7958,김지혜
7959,김경민
7960,이가현
7961,채신연
7962,엄저수
7963,서우현
7964,채예빈
7965,홍연우
7966,홍현연
7967,최도우
7968,김다혜
7969,윤승현
7970,권보현
7971,정성훈
7972,정다린
7973,정호석
7974,이민수
7975,김요규
7976,최지은
7977,김승민
7978,김태현
7979,정조성
7980,김윤진
7981,안현현
7982,김민지
7983,박연민
7984,지수원
7985,박둥균
7986,김윤연
7987,이영준
7988,손서은
7989,김승운
7990,김민은
7991,장주성
7992,정지림
7993,김홍성
7994,정고원
7995,이도재
7996,최저연
7997,엄성혁
7998,오윤원
7999,서재하
8000,이혜채
8001,정형오
8002,권세원
8003,김상규
8004,이민민
8005,신상수
8006,김주인
8007,채성욱
8008,이수진
8009,지진현
8010,박긍혜
8011,임동우
8012,강서아
8013,손유규
8014,이서재
8015,김기석
8016,이서연
8017,김재진
8018,이수연
8019,윤웅진
8020,황해원
8021,한전민
8022,김저민
8023,김상현
8024,주주향
8025,이성민
8026,조연린
8027,오재연
8028,이응빈
8029,김주요
8030,박소진
8031,최성진
8032,김지아
8033,지강사
8034,안민윤
8035,김영호
8036,김현미
8037,김주린
8038,김유림
8039,최민준
8040,박주연
8041,권항재
8042,김연은
8043,정주찬
8044,이연현
8045,진잔현
8046,남현련
8047,홍민주
8048,김지연
8049,박도선
8050,한예주
8051,김건인
8052,장응서
8053,최형민
8054,최수연
8055,정동문
8056,김수민
8057,이준혁
8058,전혜경
8059,유민운
8060,김승연
8061,국성호
8062,주사진
8063,곽용재
8064,신소진
8065,주상민
8066,박서라
8067,장태현
8068,신유빈
8069,김요현
8070,지주연
8071,임필영
8072,이수연
8073,손선형
8074,박가혜
8075,구희환
8076,송무연
8077,김전완
8078,박인연
8079,이현영
8080,김나진
8081,김상인
8082,한수민
8083,김상재
8084,김저경
8085,손인후
8086,노소한
8087,박면긴
8088,유다주
8089,엄차신
8090,한은연
8091,정원진
8092,문사진
8093,소이혁
8094,안지현
8095,지리조
8096,이수안
8097,이경현
8098,임지연
8099,김주표
8100,이세현
8101,최형민
8102,이민희
8103,구재몬
8104,문저민
8105,최슨영
8106,윤유진
8107,김성후
8108,하소은
8109,김예천
8110,정도연
8111,강전건
8112,이혜빈
8113,이성현
8114,석수시
8115,박한유
8116,장현연
8117,신요군
8118,이슨원
8119,김동해
8120,서민연
8121,윤조민
8122,정지은
8123,배진호
8124,소지경
8125,성준근
8126,심유련
8127,이경숙
8128,최지저
8129,이재원
8130,최서은
8131,유동진
8132,이연원
8133,김이찬
8134,송희진
8135,이현석
8136,조현연
8137,유준민
8138,임유희
8139,윤운환
8140,민현지
8141,이태현
8142,문한연
8143,최진호
8144,이서영
8145,안연성
8146,양아나
8147,오재인
8148,박서래
8149,홍균수
8150,이저인
8151,송문환
8152,손소예
8153,박민우
8154,신다경
8155,정군운
8156,한세연
8157,김희문
8158,김예진
8159,강효진
8160,손민진
8161,신성후
8162,안지저
8163,박민재
8164,조재경
8165,김승현
8166,박은연
8167,김상호
8168,곽하현
8169,한희운
8170,김다은
8171,김유우
8172,차태진
8173,박동운
8174,임혜윤
8175,권한현
8176,윤지희
8177,윤유찬
8178,이근민
8179,서연훈
8180,유해원
8181,장현준
8182,김서현
8183,김원찬
8184,김소지
8185,박현찬
8186,류시연
8187,이희훈
8188,김지운
8189,이건혁
8190,원현연
8191,서재보
8192,김서현
8193,문민현
8194,유다수
8195,김신훈
8196,조채신
8197,신상수
8198,김어연
8199,한희민
8200,장재나
8201,이동준
8202,최소빈
8203,최영진
8204,박서아
8205,김웅홍
8206,엄다희
8207,이성이
8208,김소원
8209,허영유
8210,조지진
8211,이정석
8212,전세인
8213,김동호
8214,고다윤
8215,윤태현
8216,전가원
8217,안태재
8218,고미은
8219,문연진
8220,유효저
8221,김동배
8222,조재민
8223,박승균
8224,강수주
8225,박승훈
8226,주세원
8227,임전권
8228,박주전
8229,황주찬
8230,심다아
8231,고면환
8232,전무빈
8233,강상용
8234,백다원
8235,김주빈
8236,최성진
8237,백종환
8238,임성현
8239,홍균태
8240,김예원
8241,한연훈
8242,최예린
8243,이면주
8244,서서빈
8245,김호연
8246,한수민
8247,김준운
8248,임보은
8249,최성재
8250,박다연
8251,김정훈
8252,차현연
8253,성인후
8254,최지현
8255,임승찬
8256,김지민
8257,조태상
8258,최수나
8259,김동운
8260,백소우
8261,이윤현
8262,조다라
8263,오준찬
8264,이다연
8265,김성빈
8266,이세민
8267,이성문
8268,백혜진
8269,노찬훈
8270,전은나
8271,조민원
8272,김하희
8273,김희현
8274,김초민
8275,이정원
8276,원은연
8277,김성운
8278,홍자서
8279,임성우
8280,박수원
8281,최주긴
8282,김지현
8283,이홍연
8284,박유은
8285,김균동
8286,정지혜
8287,신경성
8288,양지이
8289,이상철
8290,김자영
8291,류세연
8292,김윤전
8293,김승운
8294,주하빈
8295,이동새
8296,정예민
8297,정태현
8298,이하인
8299,김규지
8300,김세경
8301,진청천
8302,유민은
8303,강성진
8304,김서지
8305,김경인
8306,정보경
8307,송동성
8308,김도지
8309,김훈이
8310,김서하
8311,문순영
8312,장지윤
8313,황경인
8314,어혜민
8315,황재현
8316,이저민
8317,하민균
8318,권서지
8319,이민연
8320,김현지
8321,이상민
8322,김지주
8323,박유재
8324,전시은
8325,이동현
8326,한미저
8327,이성이
8328,조나저
8329,조동역
8330,김사준
8331,이성민
8332,김고원
8333,최성번
8334,정다희
8335,강상거
8336,박주저
8337,김태수
8338,이다저
8339,이재천
8340,김우린
8341,김성문
8342,이초민
8343,허지운
8344,김유현
8345,양한진
8346,김채주
8347,강성진
8348,기유희
8349,서재준
8350,김세서
8351,서창성
8352,이소현
8353,최윤현
8354,김예빈
8355,서성현
8356,이소연
8357,현태균
8358,서근주
8359,정준주
8360,정채은
8361,노호순
8362,김유빈
8363,신지재
8364,황연희
8365,김형형
8366,박보진
8367,김해번
8368,최연솔
8369,박한규
8370,김수빈
8371,박태희
8372,유보영
8373,송연민
8374,정은서
8375,김승헌
8376,김소원
8377,한민현
8378,김근현
8379,장필우
8380,김다비
8381,신형현
8382,박예리
8383,지현사
8384,김다수
8385,조주완
8386,정예빈
8387,이유영
8388,김규하
8389,김민홍
8390,김혜빈
8391,이내현
8392,전유서
8393,남제호
8394,최보민
8395,김상유
8396,최가지
8397,신승준
8398,박소영
8399,임승고
8400,김혜진
8401,김찬원
8402,이지아
8403,김요재
8404,최예빈
8405,양민연
8406,홍이이
8407,김성숭
8408,마연서
8409,최상훈
8410,신민연
8411,강형필
8412,황예진
8413,임규시
8414,류성주
8415,신재민
8416,박유원
8417,이한현
8418,양연서
8419,이재진
8420,이다현
8421,진원혁
8422,김예나
8423,이승현
8424,이시민
8425,김경준
8426,조연은
8427,서지연
8428,홍민림
8429,최세항
8430,이다진
8431,문종민
8432,하수원
8433,송성석
8434,표서진
8435,이긴진
8436,장예서
8437,박광무
8438,이호연
8439,주성주
8440,한수연
8441,홍찬배
8442,신유원
8443,민상순
8444,김푸진
8445,김성훈
8446,박가연
8447,심준찬
8448,장예서
8449,박용동
8450,송희흔
8451,오진준
8452,조세주
8453,김정환
8454,신성윤
8455,윤병진
8456,권연연
8457,조승소
8458,김세원
8459,김명오
8460,장지윤
8461,문형천
8462,강서나
8463,김주용
8464,강하연
8465,박대제
8466,김하희
8467,송윤현
8468,신민은
8469,박벙석
8470,김채은
8471,강현한
8472,장하연
8473,김제운
8474,윤수주
8475,권승인
8476,신주경
8477,조항신
8478,이서원
8479,고진훈
8480,김채경
8481,강민현
8482,박해주
8483,김승현
8484,박정서
8485,권승영
8486,서민지
8487,박창규
8488,전보연
8489,김주서
8490,손예혜
8491,권성희
8492,심지민
8493,민태긴
8494,김은지
8495,설민형
8496,정재현
8497,김겅빈
8498,김하주
8499,박주호
8500,전서경
8501,구나우
8502,권희도
8503,서승로
8504,추도지
8505,박용호
8506,정서영
8507,김전보
8508,주혀연
8509,강준선
8510,박채수
8511,이태운
8512,유나현
8513,김엉시
8514,박세영
8515,안선벅
8516,이조희
8517,정겅운
8518,안서진
8519,백성진
8520,김희연
8521,조민형
8522,김채진
8523,최겅보
8524,전시원
8525,고주수
8526,이주저
8527,김유용
8528,박유인
8529,채주훈
8530,이이서
8531,노찬준
8532,유가안
8533,윤운도
8534,전미채
8535,박성현
8536,이시민
8537,김경운
8538,김주우
8539,박준준
8540,주은빈
8541,백재현
8542,안나나
8543,김황희
8544,이민빈
8545,송태민
8546,박현연
8547,서찬한
8548,박지지
8549,한영현
8550,오나연
8551,한항균
8552,조주수
8553,김주현
8554,이지나
8555,백민빈
8556,안지영
8557,임겅윤
8558,전채희
8559,박동진
8560,이은원
8561,백왕영
8562,김연연
8563,김원민
8564,변현정
8565,이성준
8566,정현솔
8567,지성호
8568,김현정
8569,장준관
8570,천수다
8571,김제현
8572,김지민
8573,김대한
8574,유유신
8575,이찬준
8576,한어현
8577,전종희
8578,김서슨
8579,박민시
8580,이세희
8581,임병오
8582,황예영
8583,진승현
8584,박보원
8585,김태희
8586,하지서
8587,임동수
8588,변가원
8589,이인규
8590,한은연
8591,박창세
8592,김유은
8593,이준재
8594,정소은
8595,안윤희
8596,정세예
8597,이수준
8598,이서라
8599,전호보
8600,유나진
8601,문성운
8602,송주저
8603,이재현
8604,소저인
8605,김세현
8606,배서진
8607,이지문
8608,최태연
8609,이병태
8610,유유인
8611,성준환
8612,우민연
8613,이대삭
8614,안소진
8615,박진규
8616,손애경
8617,이연인
8618,원재도
8619,연현윤
8620,김재시
8621,전승숙
8622,임지인
8623,오현현
8624,김균원
8625,김진후
8626,유주경
8627,지상진
8628,박의원
8629,조태윤
8630,이새서
8631,김성윤
8632,박태주
8633,최용현
8634,김예경
8635,최주현
8636,김유현
8637,김의호
8638,권소민
8639,조전원
8640,장성진
8641,신횽호
8642,오희민
8643,황대긴
8644,오지빈
8645,최동우
8646,정지현
8647,이현유
8648,왕가저
8649,김시영
8650,임재솔
8651,유긴현
8652,채유시
8653,윤진균
8654,이무주
8655,박민혁
8656,임은윤
8657,민이석
8658,손저진
8659,김의영
8660,이수원
8661,임주미
8662,김지현
8663,장성환
8664,서서진
8665,신종청
8666,임효민
8667,권승형
8668,강소현
8669,정운민
8670,김도민
8671,권유후
8672,김희연
8673,채재호
8674,이주연
8675,장영환
8676,방현서
8677,김성모
8678,정해빈
8679,김희환
8680,강벼혜
8681,박준훈
8682,김미다
8683,한영호
8684,김윤희
8685,김진근
8686,권지진
8687,변상준
8688,박세원
8689,이정민
8690,유다지
8691,김재수
8692,이지희
8693,김형석
8694,이지기
8695,이종근
8696,김예진
8697,박원운
8698,홍하혜
8699,고상우
8700,김태희
8701,김재호
8702,배희소
8703,김동석
8704,최지연
8705,최성유
8706,최연련
8707,안동준
8708,김주서
8709,김민원
8710,박은현
8711,김동배
8712,구유연
8713,김용용
8714,박은은
8715,신우후
8716,김지빈
8717,김지민
8718,김다지
8719,김민호
8720,이진린
8721,김현현
8722,이원시
8723,이대진
8724,이연나
8725,이중우
8726,김은채
8727,제겅석
8728,최지연
8729,김태산
8730,박지우
8731,권희낭
8732,김재아
8733,이진호
8734,이서연
8735,양창영
8736,김시현
8737,심당우
8738,유사은
8739,이영성
8740,한민진
8741,류진번
8742,김인현
8743,유재영
8744,오보원
8745,손민승
8746,송보늘
8747,김면주
8748,김예효
8749,송대성
8750,강시린
8751,이기현
8752,한유연
8753,성태석
8754,왕서진
8755,이정석
8756,송주연
8757,임재성
8758,이채지
8759,최승인
8760,정푸연
8761,배걸린
8762,박윤영
8763,김상주
8764,최채현
8765,허우찬
8766,정서은
8767,최진현
8768,박민린
8769,이승현
8770,조유은
8771,박전숭
8772,김세현
8773,윤도현
8774,김유은
8775,김찬오
8776,김지주
8777,김형연
8778,김지현
8779,박환준
8780,지지주
8781,김인주
8782,고소현
8783,유성양
8784,박유민
8785,조주진
8786,신소운
8787,모재회
8788,민지연
8789,박성민
8790,김수채
8791,허경리
8792,최서은
8793,서운우
8794,장저혜
8795,우현혁
8796,강다현
8797,우진준
8798,이지희
8799,위호운
8800,이희빈
8801,이진몬
8802,이다우
8803,김성민
8804,전다민
8805,문우호
8806,박가진
8807,진희회
8808,김소은
8809,서재삭
8810,김태연
8811,최정연
8812,정태현
8813,고재호
8814,최유원
8815,이형준
8816,손지안
8817,박윤윤
8818,김보현
8819,황예호
8820,홍다희
8821,박성석
8822,박의수
8823,윤상섭
8824,정서은
8825,이상민
8826,노세현
8827,권유재
8828,이현지
8829,김준훈
8830,최재연
8831,김지유
8832,김주은
8833,정청호
8834,박주원
8835,김상철
8836,홍가민
8837,김한규
8838,정소영
8839,유연신
8840,이수민
8841,정원범
8842,박서진
8843,임승호
8844,최현지
8845,권태준
8846,장소주
8847,손준준
8848,유지지
8849,정동훈
8850,이최아
8851,안민원
8852,강아은
8853,김형본
8854,서태민
8855,송동석
8856,김혜린
8857,인욱조
8858,하미은
8859,맹제준
8860,박응인
8861,안상민
8862,박주라
8863,임성진
8864,박수원
8865,김용건
8866,김현진
8867,이동규
8868,장다빈
8869,이병현
8870,박서소
8871,조형견
8872,박저린
8873,박홍완
8874,강혜민
8875,조윤현
8876,오수경
8877,홍대환
8878,김시민
8879,박성순
8880,김한원
8881,윤진이
8882,김채현
8883,전중석
8884,이서연
8885,손동찬
8886,임승주
8887,김장태
8888,손아경
8889,이동채
8890,이다희
8891,채승연
8892,이수효
8893,정상연
8894,최하진
8895,문광수
8896,정태은
8897,신상군
8898,석은연
8899,김성민
8900,김서현
8901,이종훈
8902,인다나
8903,이동환
8904,이수현
8905,김규성
8906,노세주
8907,안상훈
8908,박지혜
8909,이전재
8910,이효연
8911,이주번
8912,송소원
8913,구지우
8914,한유혜
8915,한미현
8916,임성지
8917,허인재
8918,김희저
8919,김횽주
8920,김서민
8921,박지우
8922,서연연
8923,권희영
8924,서주연
8925,남병빈
8926,강가연
8927,문창선
8928,배지린
8929,김봉우
8930,심지신
8931,권홍석
8932,김재은
8933,오원석
8934,함최안
8935,최민연
8936,이채성
8937,정성원
8938,이세빈
8939,김용성
8940,이희린
8941,홍희혁
8942,함하인
8943,이민우
8944,김소현
8945,류재희
8946,안수연
8947,이항재
8948,정무지
8949,김숭혁
8950,김은민
8951,최준긴
8952,김민서
8953,류관현
8954,김나원
8955,김응혹
8956,이소서
8957,송면우
8958,최혜연
8959,조정벅
8960,조사연
8961,이성진
8962,최은연
8963,정진민
8964,이지연
8965,김영희
8966,정지원
8967,박태우
8968,전유솔
8969,최용태
8970,허지은
8971,변규우
8972,임아원
8973,박승훈
8974,강민영
8975,이용승
8976,이현은
8977,나주수
8978,김세현
8979,정원고
8980,이소연
8981,안재우
8982,정지빈
8983,강성용
8984,김지원
8985,김순운
8986,박지효
8987,신성석
8988,이서연
8989,김형인
8990,김지효
8991,추진주
8992,전채원
8993,박동찬
8994,박예인
8995,류낭소
8996,홍예나
8997,이희희
8998,김서은
8999,이세유
9000,함미저
9001,황민혁
9002,김나민
9003,임연오
9004,최유연
9005,전전규
9006,이미나
9007,김세균
9008,김예저
9009,박응호
9010,천주원
9011,김용성
9012,신재혜
9013,최문익
9014,성다원
9015,한민현
9016,윤시현
9017,박윤기
9018,이미원
9019,김지현
9020,신수전
9021,이주현
9022,김소저
9023,홍홍수
9024,구다인
9025,신준허
9026,김나연
9027,이승섭
9028,이아연
9029,이우현
9030,배세연
9031,이민현
9032,이서현
9033,김인우
9034,한호린
9035,이동현
9036,김사저
9037,정인석
9038,안주성
9039,김벙역
9040,장미린
9041,장성현
9042,최소은
9043,김영호
9044,이예빈
9045,양동환
9046,정현현
9047,천연윤
9048,백연원
9049,이태료
9050,양도아
9051,박민견
9052,김다진
9053,한형희
9054,송지연
9055,김경운
9056,최시안
9057,소진항
9058,김승진
9059,정재고
9060,강주선
9061,서의환
9062,서예은
9063,전긴회
9064,조태원
9065,박현환
9066,채은안
9067,이상연
9068,권지나
9069,홍수운
9070,박승주
9071,안연성
9072,김연영
9073,이종빈
9074,박채인
9075,김주현
9076,조가윤
9077,이후빌
9078,조예원
9079,성현진
9080,박지은
9081,오정진
9082,박세현
9083,박성슨
9084,권새연
9085,강현총
9086,이지경
9087,김태현
9088,오민현
9089,김재근
9090,박희서
9091,한예희
9092,이현예
9093,김태후
9094,장희신
9095,임진도
9096,신민신
9097,김동호
9098,김유우
9099,안성환
9100,김소연
9101,조송석
9102,백민우
9103,조겅호
9104,정시연
9105,최현덕
9106,조세원
9107,서항우
9108,최저빈
9109,손승욱
9110,홍호진
9111,정병후
9112,김세빈
9113,조상원
9114,김도연
9115,김준준
9116,문다주
9117,이영근
9118,정수윤
9119,박봉우
9120,이유연
9121,강성근
9122,이현연
9123,김진석
9124,허나윤
9125,장형훈
9126,정슨현
9127,권재현
9128,박나효
9129,엄재형
9130,김미원
9131,손항현
9132,문혜민
9133,박재호
9134,이가은
9135,이조민
9136,박하빈
9137,방연운
9138,이효진
9139,조윤호
9140,박지연
9141,이세남
9142,문다영
9143,김용우
9144,박세빈
9145,이진현
9146,양혜은
9147,김승역
9148,정수은
9149,석항준
9150,장지혜
9151,신민존
9152,배채민
9153,이요빈
9154,강미진
9155,양기전
9156,조서희
9157,최태연
9158,소수현
9159,최상순
9160,신미서
9161,신현현
9162,김채현
9163,신주현
9164,박성은
9165,전진희
9166,임아영
9167,강종석
9168,유윤하
9169,조형석
9170,김연윤
9171,이경원
9172,이세원
9173,최영준
9174,허수연
9175,정형연
9176,함유린
9177,송예호
9178,이예인
9179,최세재
9180,김민경
9181,황우석
9182,이지은
9183,천창훈
9184,박소긴
9185,정순연
9186,김지준
9187,이태진
9188,이서원
9189,권창찬
9190,윤다희
9191,김한준
9192,조호인
9193,이성호
9194,정연윤
9195,박동민
9196,최새저
9197,안제연
9198,정예민
9199,노혼민
9200,나혜운
9201,이겅민
9202,김이현
9203,안지후
9204,진유현
9205,김찬주
9206,허혜연
9207,조진석
9208,유시연
9209,도정한
9210,박최린
9211,신제운
9212,최이경
9213,강재재
9214,배소빈
9215,이승서
9216,안하희
9217,홍수혁
9218,이미경
9219,권동준
9220,이유주
9221,지시아
9222,한희연
9223,원현원
9224,서현수
9225,김환성
9226,최주원
9227,박홍현
9228,이슨진
9229,박사영
9230,정예재
9231,홍효훈
9232,유소영
9233,이전훈
9234,박미인
9235,전진수
9236,민푸지
9237,강태원
9238,이수연
9239,고강준
9240,박지영
9241,김상유
9242,이현진
9243,이기훈
9244,양수윤
9245,구민석
9246,김유원
9247,이민준
9248,백시민
9249,최겅견
9250,김채진
9251,박권번
9252,김벼현
9253,황준민
9254,임시영
9255,설세규
9256,박새나
9257,김한준
9258,송소은
9259,이광정
9260,김주아
9261,김덩대
9262,민지아
9263,임은현
9264,윤민빈
9265,우현원
9266,유다예
9267,송성규
9268,최채은
9269,정대유
9270,이현주
9271,안성성
9272,김보현
9273,곽운문
9274,강채원
9275,이운리
9276,정나연
9277,최승환
9278,문은원
9279,김용민
9280,김여혜
9281,임재훙
9282,강하민
9283,김이재
9284,장보연
9285,박정항
9286,김서서
9287,임민서
9288,김유나
9289,강형석
9290,김보늘
9291,전연구
9292,장연희
9293,이정민
9294,이재진
9295,김승민
9296,최채정
9297,권성형
9298,정수진
9299,전창안
9300,최이재
9301,김창준
9302,최수은
9303,안긴호
9304,김의민
9305,박병현
9306,김슨인
9307,임형선
9308,윤다주
9309,장저현
9310,김수주
9311,김재연
9312,정재채
9313,김태준
9314,백도원
9315,차동호
9316,함소경
9317,윤승제
9318,임은효
9319,황태로
9320,홍혜저
9321,신운원
9322,김현주
9323,김준번
9324,이사현
9325,한윤성
9326,이저원
9327,강상진
9328,박서희
9329,류벙연
9330,이유은
9331,황재원
9332,차다연
9333,김민희
9334,유지은
9335,박이현
9336,이지아
9337,이동석
9338,정지형
9339,김신준
9340,최민진
9341,한영호
9342,김혜원
9343,심문운
9344,권윤윤
9345,민성호
9346,임연연
9347,전주희
9348,박미지
9349,임정훈
9350,김수연
9351,이인혁
9352,최지경
9353,백영원
9354,이주은
9355,김형원
9356,윤예진
9357,박기환
9358,최지서
9359,김영근
9360,장지연
9361,김수관
9362,이인전
9363,문성견
9364,이은린
9365,진우우
9366,이지진
9367,박찬석
9368,이세연
9369,김혜규
9370,황주원
9371,오진민
9372,김도현
9373,김승훈
9374,김유연
9375,김형현
9376,이은나
9377,공동인
9378,지지저
9379,이영훈
9380,김지은
9381,유동원
9382,이지윤
9383,박현연
9384,김은은
9385,박천석
9386,유소은
9387,정환민
9388,이수연
9389,김한석
9390,김도연
9391,임상휘
9392,김서현
9393,김능원
9394,김지민
9395,정완호
9396,문지안
9397,차성재
9398,양하나
9399,권운현
9400,이효현
9401,이준연
9402,최지연
9403,김성성
9404,이예연
9405,박성인
9406,김연하
9407,홍관연
9408,조지연
9409,안태수
9410,박도연
9411,박재모
9412,백수민
9413,김한우
9414,고지빈
9415,유진진
9416,박지경
9417,조재민
9418,고저희
9419,안성운
9420,유채원
9421,박성우
9422,유다은
9423,조인환
9424,이나호
9425,한성운
9426,이지연
9427,김지성
9428,박아서
9429,강찬허
9430,박지민
9431,김희우
9432,유인연
9433,박영건
9434,조주현
9435,이정주
9436,윤세현
9437,김정호
9438,고주은
9439,이정현
9440,유서은
9441,정승긴
9442,김최민
9443,박재후
9444,이희주
9445,윤동욱
9446,허수나
9447,배형연
9448,백혜아
9449,고동찬
9450,이연서
9451,이원조
9452,하가주
9453,박형수
9454,강도린
9455,백승운
9456,김사현
9457,문준순
9458,김연경
9459,김군민
9460,김지은
9461,이창준
9462,박수희
9463,김형창
9464,권세진
9465,김민시
9466,홍수은
9467,장윤우
9468,김수은
9469,김희환
9470,이채연
9471,유경호
9472,조사연
9473,한진현
9474,이서준
9475,한연현
9476,최채서
9477,김연훈
9478,김가서
9479,오인원
9480,차현연
9481,정지군
9482,방서연
9483,주주재
9484,윤지빈
9485,손동슨
9486,김소준
9487,오잔영
9488,박지린
9489,김민우
9490,이수희
9491,하찬응
9492,국유주
9493,최호석
9494,오서빈
9495,양규주
9496,석주진
9497,최현현
9498,강지아
9499,김수선
9500,박혜은
9501,정재석
9502,임지인
9503,이재후
9504,이은라
9505,이지룡
9506,박서원
9507,최동연
9508,이현현
9509,정민민
9510,이서원
9511,황운제
9512,정주저
9513,최형석
9514,이보진
9515,김여호
9516,장시하
9517,주지한
9518,심지빈
9519,김형호
9520,변혜현
9521,주동연
9522,전서현
9523,김정재
9524,박혜연
9525,안동연
9526,이나준
9527,김승찬
9528,임시연
9529,이형한
9530,김시은
9531,김찬현
9532,이수주
9533,정동번
9534,김서은
9535,이영준
9536,최수아
9537,차민민
9538,정채주
9539,김민영
9540,김세윤
9541,김전환
9542,김유주
9543,김승환
9544,김주희
9545,이태주
9546,황혜윤
9547,오준영
9548,주유원
9549,이찬흔
9550,신서림
9551,유동운
9552,이하희
9553,서성현
9554,황소나
9555,하주진
9556,안지민
9557,김주준
9558,구지성
9559,백성석
9560,김예빈
9561,진경현
9562,권서현
9563,임진욱
9564,박윤민
9565,유동환
9566,박아린
9567,오승규
9568,주연현
9569,고민제
9570,문유윤
9571,노태운
9572,김서은
9573,노지규
9574,이예아
9575,전찬관
9576,김무은
9577,김형소
9578,최다은
9579,박주준
9580,전유인
9581,박경은
9582,김민원
9583,정상희
9584,장의윤
9585,고태현
9586,임혜빈
9587,구주준
9588,유혜경
9589,김성태
9590,박하주
9591,이긍휘
9592,진예원
9593,조형원
9594,이유수
9595,박도인
9596,배세원
9597,서성호
9598,위소린
9599,박정성
9600,정나은
9601,황준원
9602,이혜진
9603,양도현
9604,이민원
9605,이승긴
9606,김예민
9607,장상민
9608,최수민
9609,임형욱
9610,나민희
9611,백홍석
9612,김저원
9613,유기연
9614,전지진
9615,성겅우
9616,조유은
9617,박병현
9618,김지은
9619,박재운
9620,고재연
9621,이동진
9622,장수진
9623,한진헌
9624,안소나
9625,송형우
9626,정지현
9627,추유우
9628,곽성연
9629,김준영
9630,안세린
9631,손희하
9632,최지연
9633,최연민
9634,박혜안
9635,유동준
9636,김주영
9637,이항빈
9638,최수경
9639,임수민
9640,정서연
9641,황재수
9642,조지나
9643,윤문대
9644,박의린
9645,정성현
9646,박보현
9647,장찬훈
9648,한태아
9649,오성혹
9650,남유다
9651,김재연
9652,홍서경
9653,서홍수
9654,정세저
9655,강응유
9656,김가시
9657,권재민
9658,이서주
9659,김중헌
9660,전현인
9661,안현윤
9662,최은은
9663,박인석
9664,박혀아
9665,김동택
9666,고예경
9667,정긴희
9668,반소나
9669,한요욱
9670,정지연
9671,배용호
9672,강주경
9673,정성현
9674,박세민
9675,조창헉
9676,김혜인
9677,김운철
9678,유수진
9679,김인후
9680,장주지
9681,김규찬
9682,전예연
9683,한상운
9684,정소린
9685,배주호
9686,김지민
9687,김민수
9688,김보지
9689,박광한
9690,홍유윤
9691,김오민
9692,안은원
9693,이성혁
9694,김하은
9695,정상준
9696,유남원
9697,문재준
9698,이수은
9699,박동성
9700,정지린
9701,정성우
9702,한혜주
9703,장재태
9704,이수주
9705,심구문
9706,류모안
9707,김주성
9708,박푸경
9709,곽승숭
9710,권승원
9711,김창민
9712,한현현
9713,박동환
9714,이무아
9715,곽용후
9716,최아혜
9717,이재준
9718,심서저
9719,곽영후
9720,김소린
9721,홍승한
9722,고혜진
9723,김승찬
9724,전하지
9725,이민운
9726,이보원
9727,이용역
9728,김서원
9729,노유긴
9730,박연현
9731,권추련
9732,이연은
9733,김민혼
9734,우채현
9735,정상송
9736,김지소
9737,강요규
9738,문은원
9739,고성현
9740,김세하
9741,최용호
9742,김서혜
9743,권사찬
9744,이혜빈
9745,이형민
9746,이고원
9747,이긴찬
9748,방시린
9749,최동현
9750,박지은
9751,오성웅
9752,이소윤
9753,이승현
9754,오예희
9755,최태전
9756,권세빈
9757,권연진
9758,조예혜
9759,이병태
9760,송유진
9761,문재시
9762,김혜은
9763,김전휘
9764,전지우
9765,김승준
9766,김다경
9767,곽주환
9768,김수서
9769,김희시
9770,이지서
9771,이간성
9772,김연진
9773,이성주
9774,엄소서
9775,김균운
9776,전지민
9777,박민면
9778,김유주
9779,윤지로
9780,이민연
9781,주현래
9782,이지호
9783,박승균
9784,장수현
9785,김성원
9786,이미연
9787,박승로
9788,안은현
9789,서성연
9790,유저지
9791,소경환
9792,정푸서
9793,서성용
9794,강유연
9795,심진성
9796,신채진
9797,김준인
9798,정승주
9799,유원숭
9800,김소원
9801,박지원
9802,김민현
9803,류우표
9804,김미저
9805,김창우
9806,채다린
9807,김민료
9808,이세현
9809,최상민
9810,이다원
9811,송재요
9812,박유희
9813,한현태
9814,유세나
9815,소동희
9816,윤윤소
9817,이운강
9818,김소경
9819,이연범
9820,이은주
9821,김민현
9822,강현현
9823,곽면천
9824,김예진
9825,이신번
9826,이지라
9827,정두서
9828,구지겅
9829,정용현
9830,박호원
9831,하윤슨
9832,강슨지
9833,나완규
9834,이미은
9835,김진우
9836,조지긴
9837,정민한
9838,김다영
9839,윤성민
9840,주서라
9841,김진성
9842,서지경
9843,김형헉
9844,최수선
9845,백준진
9846,공호윤
9847,권한운
9848,노현민
9849,박지유
9850,정지림
9851,김강류
9852,정민희
9853,조태완
9854,이지은
9855,박광윤
9856,윤희원
9857,안한원
9858,김효연
9859,엄용수
9860,하저린
9861,김균인
9862,이주기
9863,송권석
9864,오연연
9865,조중요
9866,서수린
9867,임주성
9868,성소영
9869,안현번
9870,박채연
9871,주천혁
9872,표소린
9873,신효성
9874,김서진
9875,김민제
9876,정예아
9877,김견현
9878,고서은
9879,남정홍
9880,김서신
9881,이성빈
9882,하나진
9883,민지역
9884,정윤서
9885,제긴희
9886,은예진
9887,하재현
9888,박수영
9889,김창원
9890,김민현
9891,신창훈
9892,윤혜원
9893,조현호
9894,송서현
9895,신간현
9896,박지현
9897,이현회
9898,류수현
9899,김민우
9900,김승경
9901,오세연
9902,황유라
9903,정겅준
9904,김혜린
9905,이성빈
9906,남나연
9907,권태유
9908,임응우
9909,권효오
9910,오모민
9911,백순호
9912,최도주
9913,박령원
9914,홍유주
9915,신원인
9916,홍주희
9917,박가선
9918,김혜희
9919,윤창견
9920,김연희
9921,김흔웅
9922,김현연
9923,하벙준
9924,이보연
9925,이주호
9926,김서주
9927,최동우
9928,박지연
9929,유병원
9930,김혜희
9931,김세상
9932,추지연
9933,조면주
9934,유채예
9935,윤남건
9936,김민원
9937,주종주
9938,김벼현
9939,김주몬
9940,이슨린
9941,이기표
9942,박시영
9943,심지우
9944,이혜현
9945,이형준
9946,이연은
9947,남지석
9948,김연현
9949,김성우
9950,김수준
9951,강진환
9952,문재연
9953,김주원
9954,임서민
9955,이주주
9956,유민현
9957,심한성
9958,김지희
9959,김영이
9960,임초은
9961,김우진
9962,강지원
9963,서한댁
9964,전가예
9965,김형현
9966,고예현
9967,손조건
9968,오승은
9969,이산환
9970,변채원
9971,임성인
9972,이수은
9973,이동령
9974,최차린
9975,임주민
9976,황소지
9977,이저현
9978,박현은
9979,최면연
9980,황시연
9981,김호찬
9982,한다영
9983,안세현
9984,이혜나
9985,원영호
9986,최지인
9987,최태현
9988,김혜서
9989,김동원
9990,곽지빈
9991,이현권
9992,배지혜
9993,이산희
9994,정세민
9995,강원균
9996,김혜경
9997,최성성
9998,권저서
9999,조견재
